pitcher_name,pitcher_lefty,fastball_rate,sinker_rate,slider_rate,changeup_rate,knuckle_curve_rate,curveball_rate,cutter_rate,splitter_rate,other_rate
A.J. Alexy,False,0.5592105263157895,0.0,0.2236842105263158,0.0855263157894736,0.0,0.131578947368421,0.0,0.0,0.0
A.J. Minter,True,0.4977497749774977,0.0,0.0,0.1809180918091809,0.0,0.0,0.3213321332133213,0.0,0.0
A.J. Puk,True,0.4732472324723247,0.1374538745387453,0.3773062730627306,0.0009225092250922,0.0,0.0,0.0,0.0,0.011070110701107
Aaron Ashby,True,0.0330138445154419,0.3402555910543131,0.292332268370607,0.2071352502662407,0.0,0.1272630457933972,0.0,0.0,0.0
Aaron Brooks,False,0.2337662337662337,0.2532467532467532,0.2272727272727272,0.2467532467532467,0.0389610389610389,0.0,0.0,0.0,0.0
Aaron Bummer,True,0.0,0.6411378555798687,0.2713347921225383,0.0065645514223194,0.0,0.0,0.0809628008752735,0.0,0.0
Aaron Civale,False,0.0879949717159019,0.2187303582652419,0.0333123821495914,0.0,0.0,0.2746700188560653,0.3463230672532998,0.0358265241986172,0.0031426775612822
Aaron Fletcher,True,0.0,0.4913294797687861,0.2312138728323699,0.2774566473988439,0.0,0.0,0.0,0.0,0.0
Aaron Loup,True,0.0,0.4811031664964249,0.0,0.1235955056179775,0.0,0.027579162410623,0.355464759959142,0.0,0.0122574055158324
Aaron Nola,False,0.3337717855968431,0.1880960210457086,0.0,0.1473199605392962,0.2650443932916804,0.0,0.0651101611312068,0.0,0.0006576783952647
Aaron Sanchez,False,0.1954365079365079,0.4117063492063492,0.0,0.1071428571428571,0.0,0.2837301587301587,0.0,0.0,0.0019841269841269
Adam Cimber,False,0.3482824427480916,0.2958015267175573,0.3520992366412214,0.0,0.0,0.0,0.0,0.0,0.0038167938931297
Adam Kolarek,True,0.0566037735849056,0.6226415094339622,0.1635220125786163,0.1572327044025157,0.0,0.0,0.0,0.0,0.0
Adam Oller,False,0.3330757341576507,0.098145285935085,0.0896445131375579,0.125193199381762,0.0,0.1058732612055641,0.2480680061823802,0.0,0.0
Adam Ottavino,False,0.1219512195121951,0.3227016885553471,0.4268292682926829,0.0703564727954971,0.0,0.0,0.0515947467166979,0.0,0.0065666041275797
Adam Wainwright,False,0.0931419457735247,0.2771929824561403,0.0,0.0606060606060606,0.0,0.3059011164274322,0.25103668261563,0.0,0.0121212121212121
Adbert Alzolay,False,0.3636363636363636,0.1111111111111111,0.3181818181818182,0.0707070707070707,0.0,0.0,0.1363636363636363,0.0,0.0
Adonis Medina,False,0.1739130434782608,0.3019323671497584,0.2753623188405797,0.1690821256038647,0.0,0.0797101449275362,0.0,0.0,0.0
Adrian Houser,False,0.175961017866811,0.4769897130481862,0.1326475365457498,0.0947482403898213,0.0,0.1174878180833784,0.0,0.0,0.002165674066053
Adrian Martinez,False,0.0,0.5024582104228122,0.2202556538839724,0.2753195673549656,0.0,0.0,0.0,0.0,0.0019665683382497
Adrian Morejon,True,0.6856617647058824,0.0,0.1360294117647058,0.0422794117647058,0.0,0.1286764705882352,0.0,0.0,0.0073529411764705
Adrian Sampson,False,0.3321492007104796,0.3232682060390763,0.1586737714624038,0.132622853759621,0.0,0.0,0.0532859680284191,0.0,0.0
Albert Abreu,False,0.1216407355021216,0.4851485148514851,0.2927864214992928,0.1004243281471004,0.0,0.0,0.0,0.0,0.0
Alec Mills,False,0.2222222222222222,0.369281045751634,0.1274509803921568,0.1830065359477124,0.0,0.0849673202614379,0.0,0.0,0.0130718954248366
Alek Manoah,False,0.3587656832824686,0.2583926754832146,0.2706002034587996,0.1122414377755171,0.0,0.0,0.0,0.0,0.0
Alex Cobb,False,0.0012406947890818,0.4201819685690653,0.0,0.0,0.1534325889164599,0.0,0.0,0.4251447477253929,0.0
Alex Colome,False,0.1548946716232961,0.0,0.0,0.0,0.0,0.0,0.838909541511772,0.0,0.0061957868649318
Alex Faedo,False,0.5180972078593589,0.0,0.3495346432264736,0.1323681489141675,0.0,0.0,0.0,0.0,0.0
Alex Lange,False,0.0323809523809523,0.2838095238095238,0.0,0.1942857142857142,0.0,0.4857142857142857,0.0,0.0,0.0038095238095238
Alex Vesia,True,0.6282722513089005,0.0,0.3225130890052356,0.0450261780104712,0.0,0.0,0.0,0.0,0.0041884816753926
Alex Wood,True,0.0,0.454302273740526,0.3588943379402586,0.1850200624164066,0.0,0.0,0.0,0.0,0.0017833259028087
Alex Young,True,0.047191011235955,0.2157303370786517,0.0,0.3325842696629214,0.0,0.3640449438202247,0.0404494382022471,0.0,0.0
Alexis Diaz,False,0.6271808999081726,0.0,0.3415977961432507,0.0,0.0,0.0009182736455463,0.0,0.0,0.0303030303030303
Amir Garrett,True,0.3959131545338442,0.0280970625798212,0.5747126436781609,0.0012771392081736,0.0,0.0,0.0,0.0,0.0
Anderson Espinoza,False,0.7706666666666667,0.0,0.216,0.0133333333333333,0.0,0.0,0.0,0.0,0.0
Anderson Severino,True,0.5939849624060151,0.0526315789473684,0.1578947368421052,0.1052631578947368,0.0,0.0902255639097744,0.0,0.0,0.0
Andre Jackson,False,0.3653846153846153,0.0,0.0641025641025641,0.5384615384615384,0.0,0.032051282051282,0.0,0.0,0.0
Andre Pallante,False,0.5411697898921067,0.0914253265190232,0.19534355479841,0.0005678591709256,0.0,0.1669505962521294,0.0,0.0,0.0045428733674048
Andres Machado,False,0.3045226130653266,0.3386934673366834,0.1989949748743718,0.1577889447236181,0.0,0.0,0.0,0.0,0.0
Andres Munoz,False,0.3507751937984496,0.0,0.6414728682170543,0.0,0.0,0.0,0.0,0.0,0.0077519379844961
Andrew Bellatti,False,0.4002100840336134,0.0,0.5210084033613446,0.0724789915966386,0.0021008403361344,0.0,0.0,0.0,0.0042016806722689
Andrew Chafin,True,0.2787258248009101,0.3981797497155859,0.3196814562002275,0.0034129692832764,0.0,0.0,0.0,0.0,0.0
Andrew Heaney,True,0.6252032520325204,0.0,0.3235772357723577,0.0512195121951219,0.0,0.0,0.0,0.0,0.0
Andrew Kittredge,False,0.1373390557939914,0.4549356223175965,0.407725321888412,0.0,0.0,0.0,0.0,0.0,0.0
Andrew Nardi,True,0.6336898395721925,0.0,0.3155080213903743,0.0508021390374331,0.0,0.0,0.0,0.0,0.0
Andrew Vasquez,True,0.0,0.2875816993464052,0.0,0.0,0.0,0.7124183006535948,0.0,0.0,0.0
Andrew Wantz,False,0.4945848375451263,0.0,0.2851985559566787,0.0553549939831528,0.0,0.0,0.1648616125150421,0.0,0.0
Angel De Jesus,False,0.0,0.5487179487179488,0.4051282051282051,0.041025641025641,0.0,0.0051282051282051,0.0,0.0,0.0
Angel Zerpa,True,0.4968152866242038,0.0955414012738853,0.2611464968152866,0.1464968152866242,0.0,0.0,0.0,0.0,0.0
Anibal Sanchez,False,0.1653225806451612,0.1911290322580645,0.0612903225806451,0.2540322580645161,0.0,0.0556451612903225,0.2661290322580645,0.0,0.0064516129032258
Anthony Banda,True,0.316546762589928,0.2050359712230215,0.0089928057553956,0.3705035971223021,0.0,0.0899280575539568,0.0,0.0,0.0089928057553956
Anthony Bass,False,0.0989898989898989,0.302020202020202,0.5545454545454546,0.0,0.0,0.0,0.0,0.0404040404040404,0.004040404040404
Anthony Bender,False,0.0182481751824817,0.5948905109489051,0.3321167883211678,0.0547445255474452,0.0,0.0,0.0,0.0,0.0
Anthony Castro,False,0.3961538461538461,0.0961538461538461,0.4846153846153846,0.023076923076923,0.0,0.0,0.0,0.0,0.0
Anthony DeSclafani,False,0.1367781155015197,0.2887537993920973,0.3860182370820669,0.0577507598784194,0.1306990881458966,0.0,0.0,0.0,0.0
Anthony Gose,True,0.6412213740458015,0.0,0.3460559796437659,0.0025445292620865,0.0,0.0,0.0,0.0,0.010178117048346
Anthony Misiewicz,True,0.2804347826086956,0.0,0.008695652173913,0.0,0.0,0.3304347826086956,0.3630434782608696,0.0,0.017391304347826
Antonio Senzatela,False,0.539776462853386,0.0499671268902038,0.2695595003287311,0.0756081525312294,0.0,0.0650887573964497,0.0,0.0,0.0
Archie Bradley,False,0.2922077922077922,0.2727272727272727,0.0,0.1558441558441558,0.2694805194805195,0.0,0.0,0.0,0.0097402597402597
Arodys Vizcaino,False,0.5652173913043478,0.0260869565217391,0.391304347826087,0.017391304347826,0.0,0.0,0.0,0.0,0.0
Aroldis Chapman,True,0.5552282768777614,0.0500736377025036,0.2459499263622974,0.0,0.0,0.0,0.0,0.1487481590574374,0.0
Art Warren,False,0.4142640364188164,0.0,0.5796661608497724,0.0,0.0,0.0,0.0,0.0,0.0060698027314112
Ashton Goudeau,False,0.5493333333333333,0.0,0.0,0.1706666666666666,0.0,0.28,0.0,0.0,0.0
Austin Brice,False,0.2924528301886792,0.2358490566037736,0.0,0.0,0.0,0.4716981132075472,0.0,0.0,0.0
Austin Davis,True,0.4304812834224599,0.0240641711229946,0.3814616755793226,0.159536541889483,0.0,0.0008912655971479,0.0,0.0,0.0035650623885918
Austin Gomber,True,0.4062045564711585,0.0,0.245758603974794,0.1754726126999515,0.1706253029568589,0.0,0.0,0.0,0.001938923897237
Austin Pruitt,False,0.3448702101359703,0.0,0.4066749072929542,0.0543881334981458,0.0,0.1940667490729295,0.0,0.0,0.0
Austin Voth,False,0.4120317820658343,0.0,0.0482406356413166,0.0079455164585698,0.0,0.3144154370034052,0.217366628830874,0.0,0.0
Austin Warren,False,0.2992700729927007,0.2226277372262773,0.4051094890510949,0.0437956204379562,0.0,0.0,0.0,0.0,0.0291970802919708
Bailey Falter,True,0.311969111969112,0.3305019305019305,0.1482625482625482,0.0401544401544401,0.0,0.1691119691119691,0.0,0.0,0.0
Bailey Ober,False,0.4906323185011709,0.0,0.234192037470726,0.1557377049180328,0.0,0.1194379391100702,0.0,0.0,0.0
Beau Brieske,False,0.4615384615384615,0.0714840714840714,0.2074592074592074,0.2214452214452214,0.0,0.038073038073038,0.0,0.0,0.0
Beau Sulser,False,0.3651226158038147,0.0,0.0,0.3106267029972752,0.0817438692098092,0.0,0.2234332425068119,0.0,0.0190735694822888
Bennett Sousa,True,0.421195652173913,0.0,0.5706521739130435,0.0,0.0,0.0,0.0,0.0,0.0081521739130434
Blake Snell,True,0.5553182400683468,0.0,0.2430585219991456,0.0504058094831268,0.0,0.1512174284493806,0.0,0.0,0.0
Blake Taylor,True,0.7392739273927392,0.0,0.2607260726072607,0.0,0.0,0.0,0.0,0.0,0.0
Brad Boxberger,False,0.5475319926873857,0.0,0.2239488117001828,0.2248628884826325,0.0,0.0,0.0,0.0,0.0036563071297989
Brad Hand,True,0.2971985383678441,0.1790499390986601,0.5176613885505481,0.0,0.0,0.0,0.0,0.0,0.0060901339829476
Brad Keller,False,0.3523475208424748,0.2351908731899956,0.3602457218078104,0.0504607283896445,0.0,0.0,0.0,0.0,0.0017551557700745
Brady Singer,False,0.0054713804713804,0.5378787878787878,0.380050505050505,0.0765993265993266,0.0,0.0,0.0,0.0,0.0
Brandon Bielak,False,0.3495575221238938,0.243362831858407,0.1415929203539823,0.1238938053097345,0.0,0.1415929203539823,0.0,0.0,0.0
Brandon Hughes,True,0.4674796747967479,0.0477642276422764,0.4430894308943089,0.0111788617886178,0.0,0.0,0.0,0.0,0.0304878048780487
Brandon Woodruff,False,0.384160756501182,0.214736012608353,0.1126871552403467,0.1627265563435776,0.0,0.1256895193065405,0.0,0.0,0.0
Braxton Garrett,True,0.2486111111111111,0.2256944444444444,0.3215277777777778,0.0979166666666666,0.0,0.1034722222222222,0.0,0.0,0.0027777777777777
Brayan Bello,False,0.1904761904761904,0.3554817275747508,0.2148394241417497,0.2314507198228128,0.0,0.0033222591362126,0.0,0.0,0.0044296788482834
Brent Suter,True,0.6513589503280225,0.0552952202436738,0.0018744142455482,0.2502343017806935,0.0,0.0412371134020618,0.0,0.0,0.0
Brett Martin,True,0.1010498687664042,0.3451443569553806,0.1784776902887139,0.0,0.0,0.3595800524934383,0.0,0.0,0.0157480314960629
Brock Burke,True,0.6296851574212894,0.0367316341829085,0.1986506746626686,0.1319340329835082,0.0,0.0,0.0,0.0,0.0029985007496251
Brooks Raley,True,0.0036407766990291,0.2196601941747573,0.3834951456310679,0.1953883495145631,0.0,0.0012135922330097,0.1966019417475728,0.0,0.0
Bruce Zimmermann,True,0.2902654867256637,0.1008849557522123,0.1858407079646017,0.2938053097345133,0.0,0.1292035398230088,0.0,0.0,0.0
Brusdar Graterol,False,0.1065088757396449,0.4215976331360946,0.1923076923076923,0.0,0.0,0.0,0.2736686390532544,0.0,0.0059171597633136
Bryan Abreu,False,0.4509803921568627,0.0039215686274509,0.4392156862745098,0.0029411764705882,0.0,0.1029411764705882,0.0,0.0,0.0
Bryan Baker,False,0.5604395604395604,0.0,0.0,0.1741335587489433,0.0,0.0,0.2637362637362637,0.0,0.0016906170752324
Bryan Garcia,False,0.0,0.4921135646687697,0.2365930599369085,0.2712933753943217,0.0,0.0,0.0,0.0,0.0
Bryan Hoeing,False,0.0,0.7078651685393258,0.1123595505617977,0.1048689138576779,0.0,0.0749063670411985,0.0,0.0,0.0
Bryan Shaw,False,0.0,0.0647482014388489,0.0606372045220966,0.0287769784172661,0.0,0.0832476875642343,0.7584789311408017,0.0,0.0041109969167523
Bryce Elder,False,0.0057012542759407,0.4207525655644242,0.2668187001140251,0.1185860889395667,0.0,0.0011402508551881,0.1824401368301026,0.0,0.0045610034207525
Bryse Wilson,False,0.2397372742200328,0.324575807334428,0.1587301587301587,0.1477832512315271,0.0,0.1280788177339901,0.0,0.0,0.0010946907498631
Buck Farmer,False,0.4374269005847953,0.0,0.3076023391812865,0.2350877192982456,0.0,0.0,0.0,0.0,0.0198830409356725
Cal Quantrill,False,0.027064063035286,0.4518670777663583,0.0,0.118533744433025,0.0,0.0424803014731072,0.3600548132922234,0.0,0.0
Caleb Ferguson,True,0.6689655172413793,0.0,0.0,0.0,0.0,0.3310344827586207,0.0,0.0,0.0
Caleb Kilian,False,0.2151898734177215,0.4472573839662447,0.0084388185654008,0.0,0.0,0.0886075949367088,0.2320675105485232,0.0,0.0084388185654008
Caleb Smith,True,0.4555016181229773,0.0,0.2888349514563106,0.2216828478964401,0.0,0.0323624595469255,0.0,0.0,0.0016181229773462
Caleb Thielbar,True,0.492,0.0,0.247,0.011,0.0,0.246,0.0,0.0,0.004
Calvin Faucher,False,0.0,0.4133949191685912,0.4480369515011547,0.0,0.0,0.138568129330254,0.0,0.0,0.0
Cam Vieaux,True,0.4519230769230769,0.0,0.3701923076923077,0.1778846153846154,0.0,0.0,0.0,0.0,0.0
Camilo Doval,False,0.0,0.2568644818423383,0.433126660761736,0.0,0.0,0.0,0.3029229406554473,0.0,0.0070859167404783
Carl Edwards Jr.,False,0.6785009861932939,0.0,0.0,0.0956607495069033,0.0,0.2258382642998027,0.0,0.0,0.0
Carlos Carrasco,False,0.3498759305210918,0.1166253101736972,0.2423490488006617,0.2444168734491315,0.0,0.043424317617866,0.0,0.0,0.0033085194375516
Carlos Estevez,False,0.7034146341463414,0.0,0.1482926829268292,0.144390243902439,0.0,0.0,0.0,0.0,0.0039024390243902
Carlos Hernandez,False,0.4951076320939334,0.0029354207436399,0.1741682974559686,0.0,0.2211350293542074,0.0,0.0,0.1027397260273972,0.0039138943248532
Carlos Rodon,True,0.6117252931323283,0.0,0.3112227805695142,0.0197654941373534,0.0,0.057286432160804,0.0,0.0,0.0
Casey Lawrence,False,0.2188552188552188,0.1111111111111111,0.303030303030303,0.2861952861952861,0.0,0.0606060606060606,0.0202020202020202,0.0,0.0
Casey Mize,False,0.4911242603550296,0.0177514792899408,0.2485207100591716,0.0,0.1065088757396449,0.0,0.0,0.136094674556213,0.0
Chad Green,False,0.634703196347032,0.0045662100456621,0.0,0.0136986301369863,0.0,0.3470319634703196,0.0,0.0,0.0
Chad Kuhl,False,0.0248003362757461,0.4211853720050441,0.3656998738965952,0.0718789407313997,0.1147540983606557,0.0,0.0,0.0,0.001681378730559
Chad Smith,False,0.0,0.6617210682492581,0.3175074183976261,0.0207715133531157,0.0,0.0,0.0,0.0,0.0
Charlie Morton,False,0.3324128408698654,0.1073524335519502,0.0,0.0862961684501208,0.0,0.3803935105281325,0.0935450465999309,0.0,0.0
Chase Anderson,False,0.2596348884381338,0.1135902636916835,0.0851926977687626,0.2839756592292089,0.0,0.0770791075050709,0.1805273833671399,0.0,0.0
Chase De Jong,False,0.464346349745331,0.0025466893039049,0.2911714770797963,0.0101867572156196,0.0,0.2283531409168081,0.0,0.0,0.0033955857385398
Chase Silseth,False,0.4011976047904191,0.06187624750499,0.2155688622754491,0.0,0.0,0.0479041916167664,0.0,0.2734530938123752,0.0
Chasen Shreve,True,0.4439834024896265,0.0,0.1825726141078838,0.0,0.0,0.0,0.0,0.3651452282157676,0.0082987551867219
Chi Chi Gonzalez,False,0.3058510638297872,0.202127659574468,0.2792553191489361,0.151595744680851,0.0,0.0611702127659574,0.0,0.0,0.0
Chris Archer,False,0.3570229434806939,0.0,0.4432008953553441,0.1471740346950195,0.0,0.0526021264689423,0.0,0.0,0.0
Chris Bassitt,False,0.1309771309771309,0.3343728343728344,0.1628551628551628,0.0606375606375606,0.0,0.1389466389466389,0.1722106722106722,0.0,0.0
Chris Devenski,False,0.4356846473029045,0.0,0.1576763485477178,0.4024896265560166,0.0041493775933609,0.0,0.0,0.0,0.0
Chris Flexen,False,0.3942133815551537,0.0,0.0827305605786618,0.1604882459312839,0.0,0.0357142857142857,0.3232368896925859,0.0,0.0036166365280289
Chris Martin,False,0.4232558139534884,0.0883720930232558,0.041860465116279,0.0,0.0,0.0360465116279069,0.3151162790697674,0.091860465116279,0.0034883720930232
Chris Mazza,False,0.0437956204379562,0.2554744525547445,0.3211678832116788,0.0510948905109489,0.0,0.0,0.3284671532846715,0.0,0.0
Chris Paddack,False,0.5177111716621253,0.0,0.0381471389645776,0.2643051771117166,0.0,0.1798365122615803,0.0,0.0,0.0
Chris Sale,True,0.3627450980392157,0.0980392156862745,0.3235294117647059,0.2156862745098039,0.0,0.0,0.0,0.0,0.0
Chris Stratton,False,0.4293478260869565,0.0181159420289855,0.1911231884057971,0.0697463768115942,0.0,0.2880434782608695,0.0,0.0,0.0036231884057971
Cionel Perez,True,0.4453038674033149,0.1580110497237569,0.3922651933701657,0.0,0.0,0.0,0.0,0.0,0.0044198895027624
Clarke Schmidt,False,0.1599147121535181,0.2270788912579957,0.3752665245202559,0.0490405117270788,0.1801705756929637,0.0,0.0,0.0,0.0085287846481876
Clay Holmes,False,0.0010111223458038,0.7937310414560161,0.1961577350859454,0.0,0.0,0.0,0.0,0.0,0.0091001011122345
Clayton Kershaw,True,0.3995656894679696,0.004343105320304,0.4267100977198697,0.005971769815418,0.0,0.1634093376764386,0.0,0.0,0.0
Cody Morris,False,0.4455445544554455,0.0,0.0,0.1707920792079208,0.0,0.0693069306930693,0.3143564356435643,0.0,0.0
Cody Poteet,False,0.265625,0.109375,0.2165178571428571,0.3816964285714285,0.0,0.0267857142857142,0.0,0.0,0.0
Cody Stashak,False,0.4889867841409692,0.0,0.4933920704845815,0.0176211453744493,0.0,0.0,0.0,0.0,0.0
Cole Irvin,True,0.3585049580472921,0.2276887871853546,0.0003813882532418,0.1826849733028222,0.0,0.2063310450038138,0.0198321891685736,0.0,0.0045766590389016
Cole Ragans,True,0.4447592067988669,0.0,0.0,0.3286118980169972,0.0,0.0623229461756373,0.1643059490084986,0.0,0.0
Cole Sands,False,0.5008210180623974,0.0,0.0,0.0213464696223316,0.0,0.2266009852216748,0.0804597701149425,0.1707717569786535,0.0
Cole Sulser,False,0.492776886035313,0.0,0.102728731942215,0.3852327447833066,0.0,0.0128410914927768,0.0,0.0,0.0064205457463884
Cole Waites,False,0.7019230769230769,0.0,0.2980769230769231,0.0,0.0,0.0,0.0,0.0,0.0
Colin Holderman,False,0.0366132723112128,0.4622425629290618,0.4027459954233409,0.011441647597254,0.0,0.0022883295194508,0.0755148741418764,0.0,0.0091533180778032
Colin Poche,True,0.7759162303664922,0.0,0.0073298429319371,0.0,0.0,0.2167539267015706,0.0,0.0,0.0
Collin McHugh,False,0.0082568807339449,0.0,0.4807339449541284,0.0,0.0,0.0238532110091743,0.473394495412844,0.0,0.0137614678899082
Collin Snider,False,0.0018348623853211,0.4917431192660551,0.4899082568807339,0.0165137614678899,0.0,0.0,0.0,0.0,0.0
Collin Wiles,False,0.1558441558441558,0.1753246753246753,0.0974025974025974,0.0324675324675324,0.0,0.1233766233766233,0.4155844155844156,0.0,0.0
Connor Brogdon,False,0.3197183098591549,0.0,0.0,0.4323943661971831,0.0,0.0,0.2478873239436619,0.0,0.0
Connor Overton,False,0.2132196162046908,0.2771855010660981,0.1961620469083155,0.1876332622601279,0.0,0.1257995735607676,0.0,0.0,0.0
Connor Seabold,False,0.5353260869565217,0.0,0.2201086956521739,0.2038043478260869,0.0,0.0407608695652173,0.0,0.0,0.0
Corbin Burnes,False,0.0048869883934025,0.0665852168601099,0.0916310323762981,0.0983506414172266,0.0,0.1841783750763592,0.5543677458766035,0.0,0.0
Corbin Martin,False,0.5477855477855478,0.0,0.1118881118881118,0.1655011655011655,0.0,0.1748251748251748,0.0,0.0,0.0
Corey Kluber,False,0.0146699266503667,0.2677261613691931,0.0,0.1030969845150774,0.0,0.2726161369193154,0.3418907905460472,0.0,0.0
Corey Knebel,False,0.688667496886675,0.0,0.0298879202988792,0.0,0.2665006226650062,0.0,0.0,0.0,0.0149439601494396
Cory Abbott,False,0.5088757396449705,0.0,0.2686390532544379,0.0,0.2224852071005917,0.0,0.0,0.0,0.0
Craig Kimbrel,False,0.680184331797235,0.0,0.0,0.0,0.312442396313364,0.0,0.0,0.0,0.0073732718894009
Craig Stammen,False,0.0057061340941512,0.5392296718972895,0.122681883024251,0.0271041369472182,0.0841654778887303,0.0,0.2211126961483595,0.0,0.0
Cristian Javier,False,0.5990602975724354,0.0,0.2764291307752545,0.0411119812059514,0.0833985904463586,0.0,0.0,0.0,0.0
Cristopher Sanchez,True,0.0,0.6066066066066066,0.1876876876876876,0.1996996996996997,0.0,0.0,0.0,0.0,0.006006006006006
DL Hall,True,0.5204460966542751,0.0,0.2156133828996282,0.2044609665427509,0.0,0.0594795539033457,0.0,0.0,0.0
Dakota Hudson,False,0.2023968042609853,0.3533067021748779,0.2676431424766977,0.0412782956058588,0.0,0.1353750554815801,0.0,0.0,0.0
Dallas Keuchel,True,0.0640478223740392,0.4380871050384287,0.0794192997438087,0.2613151152860802,0.0,0.0,0.1520068317677199,0.0,0.0051238257899231
Damon Jones,True,0.6285714285714286,0.0,0.3619047619047619,0.0,0.0,0.0095238095238095,0.0,0.0,0.0
Dane Dunning,False,0.0011773940345368,0.3999215070643642,0.2786499215070643,0.2017268445839874,0.0,0.0,0.1185243328100471,0.0,0.0
Daniel Bard,False,0.0282131661442006,0.5193312434691745,0.4242424242424242,0.0240334378265412,0.0,0.0,0.0,0.0,0.0041797283176593
Daniel Castano,True,0.121317157712305,0.0606585788561525,0.2807625649913345,0.1282495667244367,0.0,0.0,0.4090121317157712,0.0,0.0
Daniel Hudson,False,0.5221674876847291,0.0246305418719211,0.4187192118226601,0.0344827586206896,0.0,0.0,0.0,0.0,0.0
Daniel Lynch,True,0.43061809250921,0.0306999590667212,0.3029062627916496,0.1817437576749897,0.0507572656569791,0.0,0.0,0.0,0.0032746623004502
Daniel Mengden,False,0.2941176470588235,0.0,0.0084033613445378,0.1932773109243697,0.0,0.1764705882352941,0.3277310924369748,0.0,0.0
Daniel Norris,True,0.341046277665996,0.079476861167002,0.2837022132796781,0.2796780684104628,0.0,0.0150905432595573,0.0,0.0,0.0010060362173038
Danny Coulombe,True,0.3155555555555555,0.0533333333333333,0.2844444444444444,0.1955555555555555,0.0,0.1511111111111111,0.0,0.0,0.0
Danny Young,True,0.0,0.4126984126984127,0.5634920634920635,0.0238095238095238,0.0,0.0,0.0,0.0,0.0
Dany Jimenez,False,0.3695652173913043,0.0,0.6014492753623188,0.0,0.0,0.0,0.0054347826086956,0.0,0.0235507246376811
Darren O'Day,False,0.4307692307692308,0.0846153846153846,0.4717948717948718,0.0,0.0,0.0,0.0,0.0,0.0128205128205128
Darwinzon Hernandez,True,0.6098901098901099,0.0,0.2582417582417582,0.0,0.0,0.1318681318681318,0.0,0.0,0.0
Daulton Jefferies,False,0.1178396072013093,0.3436988543371522,0.0,0.1996726677577741,0.0,0.1358428805237315,0.2029459901800327,0.0,0.0
Dauri Moreta,False,0.3014586709886548,0.2495948136142625,0.2382495948136142,0.2042139384116693,0.0,0.0,0.0,0.0,0.006482982171799
David Bednar,False,0.5305882352941177,0.0011764705882352,0.0,0.0,0.0,0.2917647058823529,0.0,0.1670588235294117,0.0094117647058823
David McKay,False,0.0,0.6148148148148148,0.1111111111111111,0.0,0.0,0.2518518518518518,0.0222222222222222,0.0,0.0
David Peterson,True,0.3784355179704017,0.1168076109936575,0.2906976744186046,0.1622621564482029,0.0,0.0496828752642706,0.0,0.0,0.0021141649048625
David Phelps,False,0.2927888792354474,0.1225021720243266,0.0,0.0747176368375325,0.2641181581233709,0.0,0.2458731537793223,0.0,0.0
David Price,True,0.4162520729684908,0.2487562189054726,0.0,0.1061359867330016,0.0414593698175787,0.0,0.175787728026534,0.0,0.011608623548922
David Robertson,False,0.0,0.0,0.2208646616541353,0.0,0.2678571428571428,0.0,0.506578947368421,0.0,0.0046992481203007
Davis Martin,False,0.4593301435406698,0.0,0.3224880382775119,0.108133971291866,0.0,0.1043062200956937,0.0,0.0,0.0057416267942583
Dean Kremer,False,0.3335120643431635,0.07828418230563,0.0,0.15656836461126,0.0,0.1211796246648793,0.310455764075067,0.0,0.0
Dennis Santana,False,0.0723618090452261,0.3879396984924623,0.4030150753768844,0.1326633165829145,0.0,0.0,0.0,0.0,0.0040201005025125
Denyi Reyes,False,0.4358974358974359,0.0,0.3162393162393162,0.1538461538461538,0.0,0.094017094017094,0.0,0.0,0.0
Dereck Rodriguez,False,0.3689320388349514,0.0194174757281553,0.0,0.0776699029126213,0.0,0.174757281553398,0.3203883495145631,0.0,0.0388349514563106
Derek Law,False,0.0795454545454545,0.1534090909090909,0.1164772727272727,0.0284090909090909,0.0,0.1278409090909091,0.4943181818181818,0.0,0.0
Devin Smeltzer,True,0.391496899911426,0.0088573959255978,0.0655447298494242,0.2568644818423383,0.0,0.1806908768821966,0.0965456155890168,0.0,0.0
Devin Williams,False,0.3766355140186916,0.0,0.0,0.5794392523364486,0.0,0.0,0.0420560747663551,0.0,0.0018691588785046
Diego Castillo,False,0.0547147846332945,0.3038416763678696,0.6181606519208381,0.0,0.0,0.0,0.0,0.0,0.0232828870779976
Dillon Peters,True,0.2334384858044164,0.2697160883280757,0.1104100946372239,0.2413249211356466,0.0,0.1451104100946372,0.0,0.0,0.0
Dillon Tate,False,0.0082872928176795,0.5,0.2486187845303867,0.2357274401473296,0.0,0.0,0.0,0.0,0.007366482504604
Dinelson Lamet,False,0.4554794520547945,0.0034246575342465,0.541095890410959,0.0,0.0,0.0,0.0,0.0,0.0
Domingo Acevedo,False,0.4142997061704211,0.0117531831537708,0.3408423114593535,0.21743388834476,0.0,0.0,0.0,0.0,0.0156709108716944
Domingo German,False,0.272895467160037,0.122109158186864,0.0,0.2321924144310823,0.0,0.3728029602220166,0.0,0.0,0.0
Domingo Tapia,False,0.2493150684931507,0.4301369863013699,0.1534246575342465,0.1616438356164383,0.0,0.0,0.0,0.0,0.0054794520547945
Dominic Leone,False,0.3625592417061611,0.0011848341232227,0.3495260663507109,0.0,0.0,0.0,0.2654028436018957,0.0,0.0213270142180094
Drew Carlton,False,0.2583333333333333,0.3666666666666666,0.2,0.175,0.0,0.0,0.0,0.0,0.0
Drew Hutchison,False,0.4112308564946114,0.1140102098695405,0.370391378332388,0.1020986954055587,0.0,0.0,0.0,0.0,0.0022688598979013
Drew Rasmussen,False,0.3541666666666667,0.0388888888888888,0.2333333333333333,0.0,0.0,0.0449074074074074,0.3287037037037037,0.0,0.0
Drew Smith,False,0.5243589743589744,0.0012820512820512,0.3551282051282051,0.0551282051282051,0.0,0.0641025641025641,0.0,0.0,0.0
Drew Smyly,True,0.0,0.3511576626240353,0.0,0.0033076074972436,0.4079382579933848,0.0,0.1874310915104741,0.0,0.0501653803748621
Drew Steckenrider,False,0.6503496503496503,0.0,0.0314685314685314,0.2342657342657342,0.0,0.0839160839160839,0.0,0.0,0.0
Drew VerHagen,False,0.2151300236406619,0.2387706855791962,0.2174940898345153,0.1560283687943262,0.0,0.1323877068557919,0.0307328605200945,0.0,0.0094562647754137
Drey Jameson,False,0.3441734417344173,0.2791327913279133,0.2493224932249322,0.084010840108401,0.0,0.043360433604336,0.0,0.0,0.0
Duane Underwood Jr.,False,0.1164179104477611,0.2606965174129353,0.0,0.217910447761194,0.0,0.1333333333333333,0.2676616915422886,0.0,0.0039800995024875
Dusten Knight,False,0.2040816326530612,0.0,0.0,0.3673469387755102,0.0,0.096938775510204,0.3112244897959184,0.0,0.0204081632653061
Dustin May,False,0.229957805907173,0.2890295358649789,0.0,0.0569620253164556,0.0,0.2109704641350211,0.2130801687763713,0.0,0.0
Dylan Bundy,False,0.3967889908256881,0.0701834862385321,0.2399082568807339,0.1871559633027523,0.0,0.1059633027522935,0.0,0.0,0.0
Dylan Cease,False,0.39744,0.0096,0.42816,0.024,0.1392,0.0,0.0,0.0,0.0016
Dylan Coleman,False,0.5634517766497462,0.0126903553299492,0.4230118443316413,0.0,0.0,0.0,0.0,0.0,0.0008460236886632
Dylan Floro,False,0.2637614678899082,0.360091743119266,0.216743119266055,0.1490825688073394,0.0,0.0,0.0,0.0,0.0103211009174311
Dylan Lee,True,0.4525065963060686,0.0,0.4749340369393139,0.0672823218997361,0.0,0.0,0.0,0.0,0.0052770448548812
Eduard Bazardo,False,0.3135593220338983,0.1440677966101695,0.4449152542372881,0.097457627118644,0.0,0.0,0.0,0.0,0.0
Eduardo Rodriguez,True,0.3635125936010892,0.1878829135466303,0.0401633764465622,0.1620149761742682,0.0,0.0,0.2464261402314499,0.0,0.0
Edward Cabrera,False,0.2016460905349794,0.1111111111111111,0.1522633744855967,0.3267489711934156,0.0,0.2082304526748971,0.0,0.0,0.0
Edwin Diaz,False,0.4163090128755364,0.0010729613733905,0.5783261802575107,0.0,0.0,0.0,0.0,0.0,0.0042918454935622
Edwin Uceta,False,0.0102739726027397,0.541095890410959,0.0034246575342465,0.2705479452054795,0.0,0.1746575342465753,0.0,0.0,0.0
Eli Morgan,False,0.551622418879056,0.0,0.1583087512291052,0.2782694198623402,0.0,0.0108161258603736,0.0009832841691248,0.0,0.0
Elieser Hernandez,False,0.4294813466787989,0.0727934485896269,0.359417652411283,0.1346678798908098,0.0,0.0,0.0,0.0,0.0036396724294813
Elvin Rodriguez,False,0.5223048327137546,0.0130111524163568,0.2267657992565055,0.1282527881040892,0.0,0.1022304832713754,0.0,0.0,0.0074349442379182
Elvis Peguero,False,0.0,0.3733766233766233,0.6266233766233766,0.0,0.0,0.0,0.0,0.0,0.0
Emilio Pagan,False,0.5154457193292145,0.0,0.0203000882612533,0.0,0.0,0.0247131509267431,0.1871138570167696,0.2453662842012356,0.0070609002647837
Emmanuel Clase,False,0.0215285252960172,0.0,0.3778256189451022,0.0,0.0,0.0,0.5920344456404736,0.0,0.0086114101184068
Enyel De Los Santos,False,0.6011764705882353,0.0,0.2823529411764706,0.1105882352941176,0.0,0.0,0.0011764705882352,0.0,0.0047058823529411
Erasmo Ramirez,False,0.0469522240527182,0.3920922570016474,0.0016474464579901,0.0345963756177924,0.0,0.0658978583196046,0.4555189456342668,0.0,0.0032948929159802
Eric Lauer,True,0.4390881913303438,0.0,0.1752615844544095,0.03101644245142,0.0,0.1603139013452914,0.1943198804185351,0.0,0.0
Eric Stout,True,0.3458149779735683,0.0,0.4691629955947136,0.1211453744493392,0.0,0.0550660792951541,0.0,0.0,0.0088105726872246
Erich Uelmen,False,0.3146551724137931,0.3038793103448275,0.2909482758620689,0.0883620689655172,0.0,0.0,0.0,0.0,0.0021551724137931
Erick Fedde,False,0.0,0.4008264462809917,0.0,0.0359504132231404,0.0,0.2871900826446281,0.2760330578512396,0.0,0.0
Erik Swanson,False,0.546485260770975,0.0,0.1972789115646258,0.0,0.0,0.0,0.0,0.2528344671201814,0.0034013605442176
Ethan Roberts,False,0.0056497175141242,0.0,0.2598870056497175,0.0,0.0,0.0621468926553672,0.672316384180791,0.0,0.0
Ethan Small,True,0.5303030303030303,0.0,0.0378787878787878,0.4318181818181818,0.0,0.0,0.0,0.0,0.0
Evan Lee,True,0.5212121212121212,0.0,0.0,0.0606060606060606,0.0,0.4181818181818181,0.0,0.0,0.0
Evan Phillips,False,0.1887810140237324,0.099244875943905,0.4401294498381877,0.0,0.0,0.0,0.267529665587918,0.0,0.0043149946062567
Felix Bautista,False,0.6124497991967871,0.0,0.1224899598393574,0.0,0.0,0.0,0.0,0.2640562248995984,0.001004016064257
Fernando Cruz,False,0.2423076923076923,0.0192307692307692,0.4461538461538462,0.0,0.0,0.0,0.0,0.2923076923076923,0.0
Foster Griffin,True,0.2432432432432432,0.0,0.0,0.1351351351351351,0.0,0.1711711711711711,0.4504504504504504,0.0,0.0
Framber Valdez,True,0.0364479787939032,0.4897282968853545,0.0,0.0904572564612326,0.0,0.2803180914512923,0.1030483764082173,0.0,0.0
Francisco Perez,True,0.6292682926829268,0.0,0.3414634146341463,0.0195121951219512,0.0,0.0097560975609756,0.0,0.0,0.0
Frankie Montas,False,0.2838184931506849,0.2204623287671233,0.1519691780821918,0.0,0.0,0.0,0.0860445205479452,0.2538527397260274,0.0038527397260273
Freddy Peralta,False,0.549150036954915,0.0,0.1818181818181818,0.1042128603104212,0.0,0.1648189209164819,0.0,0.0,0.0
Gabe Speier,True,0.2508710801393728,0.313588850174216,0.4041811846689895,0.0313588850174216,0.0,0.0,0.0,0.0,0.0
Garrett Cleavinger,True,0.3791044776119402,0.1522388059701492,0.4208955223880597,0.0029850746268656,0.0,0.044776119402985,0.0,0.0,0.0
Garrett Hill,False,0.3974484789008832,0.1952894995093228,0.1884200196270853,0.1157998037291462,0.1030421982335623,0.0,0.0,0.0,0.0
Garrett Richards,False,0.2485875706214689,0.0042372881355932,0.3771186440677966,0.3474576271186441,0.0,0.0225988700564971,0.0,0.0,0.0
Garrett Whitlock,False,0.0291595197255574,0.5926243567753001,0.1801029159519725,0.1981132075471698,0.0,0.0,0.0,0.0,0.0
Gavin Hollowell,False,0.2587412587412587,0.2797202797202797,0.3986013986013986,0.0209790209790209,0.0,0.0,0.0419580419580419,0.0,0.0
Genesis Cabrera,True,0.3378016085790885,0.1729222520107238,0.0093833780160857,0.1742627345844504,0.0,0.292225201072386,0.0,0.0,0.0134048257372654
George Kirby,False,0.4541108986615679,0.1218929254302103,0.0893881453154875,0.0798279158699808,0.0,0.132887189292543,0.1218929254302103,0.0,0.0
German Marquez,False,0.2979922507925326,0.242338851708348,0.2085241282141599,0.0302923564635435,0.220852412821416,0.0,0.0,0.0,0.0
Gerrit Cole,False,0.5186316432498472,0.0,0.225717776420281,0.0843005497861942,0.1078191814294441,0.0,0.0635308491142333,0.0,0.0
Giovanny Gallegos,False,0.4777777777777778,0.0,0.4707070707070707,0.0494949494949494,0.0,0.0,0.0,0.0,0.002020202020202
Glenn Otto,False,0.2332884701659937,0.2611036339165545,0.275459847465231,0.0807537012113055,0.1493943472409152,0.0,0.0,0.0,0.0
Graham Ashcraft,False,0.0,0.2142045454545454,0.2704545454545454,0.0068181818181818,0.0,0.0,0.50625,0.0,0.0022727272727272
Greg Weissert,False,0.1505376344086021,0.3817204301075269,0.3655913978494624,0.1021505376344086,0.0,0.0,0.0,0.0,0.0
Gregory Soto,True,0.3173598553345388,0.4538878842676311,0.2151898734177215,0.0099457504520795,0.0,0.0,0.0,0.0,0.0036166365280289
Griffin Jax,False,0.3330486763450043,0.0017079419299743,0.4790777113578138,0.1349274124679761,0.0,0.0418445772843723,0.0008539709649871,0.0,0.0085397096498719
Hansel Robles,False,0.4929577464788732,0.0070422535211267,0.3262910798122065,0.1643192488262911,0.0,0.0,0.0,0.0,0.0093896713615023
Hanser Alberto,False,0.993421052631579,0.0,0.0,0.0,0.0,0.0,0.0,0.0,0.006578947368421
Hayden Wesneski,False,0.2580645161290322,0.2237903225806451,0.3185483870967742,0.0766129032258064,0.0,0.0,0.1209677419354838,0.0,0.002016129032258
Heath Hembree,False,0.5111111111111111,0.0,0.4395061728395061,0.0,0.0,0.0296296296296296,0.0049382716049382,0.0,0.0148148148148148
Hector Neris,False,0.4094955489614243,0.2156280909990108,0.0662710187932739,0.0,0.0,0.0,0.0,0.3086053412462908,0.0
Hirokazu Sawamura,False,0.4806110458284371,0.0035252643948296,0.1351351351351351,0.0,0.0,0.0,0.0,0.3689776733254994,0.0117508813160987
Hoby Milner,True,0.041360294117647,0.4283088235294117,0.0,0.203125,0.0,0.3272058823529412,0.0,0.0,0.0
Huascar Brazoban,False,0.231496062992126,0.0960629921259842,0.0,0.2503937007874016,0.0,0.0,0.415748031496063,0.0,0.0062992125984251
Huascar Ynoa,False,0.5238095238095238,0.0068027210884353,0.3605442176870748,0.1088435374149659,0.0,0.0,0.0,0.0,0.0
Humberto Castellanos,False,0.0989304812834224,0.3235294117647059,0.2606951871657754,0.1042780748663101,0.0,0.212566844919786,0.0,0.0,0.0
Hunter Brown,False,0.5242718446601942,0.0064724919093851,0.1326860841423948,0.0,0.313915857605178,0.0,0.0,0.0226537216828478,0.0
Hunter Gaddis,False,0.5321637426900585,0.0,0.0,0.1695906432748538,0.0,0.0643274853801169,0.2339181286549707,0.0,0.0
Hunter Greene,False,0.538570752484619,0.0,0.4098438239469948,0.0515854235683861,0.0,0.0,0.0,0.0,0.0
Hunter Harvey,False,0.7700453857791225,0.0090771558245083,0.0045385779122541,0.0,0.0,0.0665658093797276,0.0,0.1497730711043872,0.0
Hunter Strickland,False,0.4941069809610154,0.0725294650951949,0.3825929283771532,0.0317316409791477,0.0,0.0,0.0,0.0,0.0190389845874886
Hyun Jin Ryu,True,0.4177215189873418,0.0,0.0,0.2379746835443038,0.0,0.210126582278481,0.1341772151898734,0.0,0.0
Ian Anderson,False,0.4793017456359102,0.0004987531172069,0.0,0.3336658354114713,0.0,0.1865336658354114,0.0,0.0,0.0
Ian Gibaut,False,0.4366998577524893,0.0,0.22475106685633,0.1137980085348506,0.0,0.0,0.22475106685633,0.0,0.0
Ian Kennedy,False,0.8036739380022963,0.0,0.0,0.105625717566016,0.0574052812858783,0.0,0.0218140068886337,0.0,0.0114810562571756
J.B. Wendelken,False,0.4672131147540984,0.1352459016393442,0.2254098360655737,0.1618852459016393,0.0,0.0102459016393442,0.0,0.0,0.0
J.P. Feyereisen,False,0.4447674418604651,0.0,0.2906976744186046,0.2645348837209302,0.0,0.0,0.0,0.0,0.0
JP Sears,True,0.564173591874423,0.0,0.2622345337026777,0.1698984302862419,0.0,0.0,0.0,0.0,0.0036934441366574
JT Brubaker,False,0.0592188156236875,0.4191516169676606,0.3103737925241495,0.0508189836203275,0.0,0.1604367912641747,0.0,0.0,0.0
JT Chargois,False,0.029940119760479,0.5868263473053892,0.3832335329341317,0.0,0.0,0.0,0.0,0.0,0.0
Jack Flaherty,False,0.4833836858006042,0.0589123867069486,0.2522658610271903,0.0075528700906344,0.1646525679758308,0.0,0.0332326283987915,0.0,0.0
Jackson Kowar,False,0.4662379421221865,0.0,0.1061093247588424,0.427652733118971,0.0,0.0,0.0,0.0,0.0
Jackson Stephens,False,0.359375,0.2114583333333333,0.034375,0.0947916666666666,0.0,0.2833333333333333,0.0,0.0,0.0166666666666666
Jackson Tetreault,False,0.5780821917808219,0.0,0.0,0.0273972602739726,0.0,0.0767123287671232,0.3178082191780822,0.0,0.0
Jacob Barnes,False,0.4792243767313019,0.0,0.0969529085872576,0.0,0.0,0.0,0.4238227146814404,0.0,0.0
Jacob Lemoine,False,0.1026490066225165,0.5662251655629139,0.2450331125827814,0.0728476821192053,0.0,0.0,0.0,0.0,0.0132450331125827
Jacob deGrom,False,0.474468085106383,0.0,0.3925531914893617,0.0819148936170212,0.0,0.051063829787234,0.0,0.0,0.0
Jaime Barria,False,0.2128227960819234,0.1798753339269813,0.4701691896705254,0.1371326803205699,0.0,0.0,0.0,0.0,0.0
Jake Bird,False,0.0,0.5695364238410596,0.0,0.0198675496688741,0.0,0.1496688741721854,0.247682119205298,0.0,0.0132450331125827
Jake Brentz,True,0.5928571428571429,0.05,0.3214285714285714,0.0357142857142857,0.0,0.0,0.0,0.0,0.0
Jake Cousins,False,0.0,0.4243542435424354,0.5535055350553506,0.007380073800738,0.0,0.0,0.0,0.0,0.014760147601476
Jake Diekman,True,0.4410517387616624,0.1942324003392705,0.3486005089058524,0.010178117048346,0.0,0.0,0.0,0.0,0.0059372349448685
Jake Fishman,True,0.0,0.6023391812865497,0.3976608187134502,0.0,0.0,0.0,0.0,0.0,0.0
Jake McGee,True,0.8230647709320695,0.0,0.1706161137440758,0.0,0.0,0.0,0.0,0.0,0.0063191153238546
Jake Odorizzi,False,0.5113952195664258,0.0,0.0728182323513062,0.0,0.0,0.0383546414674819,0.2106725958866036,0.1662034463590883,0.0005558643690939
Jake Reed,False,0.0684039087947882,0.4690553745928338,0.4397394136807817,0.022801302931596,0.0,0.0,0.0,0.0,0.0
Jake Woodford,False,0.2125534950071326,0.3794579172610556,0.2810271041369472,0.0370898716119828,0.0,0.0841654778887303,0.0,0.0,0.0057061340941512
Jakob Junis,False,0.0050055617352614,0.3203559510567297,0.5038932146829811,0.1601779755283648,0.0,0.0,0.0105672969966629,0.0,0.0
Jalen Beeks,True,0.4840698869475848,0.0,0.013360739979445,0.4902363823227132,0.0,0.0,0.0123329907502569,0.0,0.0
James Kaprielian,False,0.4896860986547085,0.0547085201793721,0.2309417040358744,0.0995515695067264,0.0,0.1251121076233184,0.0,0.0,0.0
James Karinchak,False,0.5965909090909091,0.0,0.0,0.0,0.0,0.4034090909090909,0.0,0.0,0.0
James Naile,False,0.0714285714285714,0.4682539682539682,0.0,0.0793650793650793,0.0,0.2539682539682539,0.1269841269841269,0.0,0.0
James Norwood,False,0.4864864864864865,0.0108108108108108,0.0945945945945946,0.0,0.0,0.0,0.0,0.4081081081081081,0.0
Jameson Taillon,False,0.35650623885918,0.1112299465240641,0.1878787878787878,0.0844919786096256,0.0,0.1479500891265597,0.1105169340463458,0.0,0.0014260249554367
Jandel Gustave,False,0.0665236051502145,0.5686695278969958,0.3648068669527897,0.0,0.0,0.0,0.0,0.0,0.0
Janson Junk,False,0.4339622641509434,0.0,0.4528301886792453,0.0314465408805031,0.0,0.0817610062893081,0.0,0.0,0.0
Jared Koenig,True,0.1087289433384379,0.3874425727411945,0.0,0.1301684532924961,0.0,0.2205206738131699,0.1531393568147013,0.0,0.0
Jared Solomon,False,0.0,0.4840764331210191,0.5031847133757962,0.0127388535031847,0.0,0.0,0.0,0.0,0.0
Jarlin Garcia,True,0.4268891069676153,0.0,0.281648675171737,0.2875368007850834,0.0,0.0,0.0,0.0,0.0039254170755642
Jason Adam,False,0.3192389006342495,0.0,0.354122621564482,0.3202959830866808,0.0021141649048625,0.0,0.0,0.0,0.0042283298097251
Jason Alexander,False,0.0439655172413793,0.5672413793103448,0.2318965517241379,0.1568965517241379,0.0,0.0,0.0,0.0,0.0
Jason Foley,False,0.0884495317377731,0.6077003121748179,0.2351716961498439,0.068678459937565,0.0,0.0,0.0,0.0,0.0
Javier Assad,False,0.2130434782608695,0.3115942028985507,0.0971014492753623,0.0666666666666666,0.0,0.0420289855072463,0.2695652173913043,0.0,0.0
Javy Guerra,False,0.150887573964497,0.5384615384615384,0.2869822485207101,0.0,0.0,0.0,0.0,0.0,0.0236686390532544
Jeff Brigham,False,0.4248210023866348,0.0,0.5751789976133651,0.0,0.0,0.0,0.0,0.0,0.0
Jeff Hoffman,False,0.518213866039953,0.0,0.236192714453584,0.2420681551116333,0.0,0.0,0.0,0.0,0.0035252643948296
Jeffrey Springs,True,0.4051355206847361,0.0009510223490252,0.2463147883975273,0.3475986685687113,0.0,0.0,0.0,0.0,0.0
Jeremiah Estrada,False,0.7521367521367521,0.0,0.188034188034188,0.017094017094017,0.0,0.0427350427350427,0.0,0.0,0.0
Jeremy Beasley,False,0.6125461254612546,0.0,0.2804428044280442,0.0,0.0,0.0,0.0,0.1070110701107011,0.0
Jesse Chavez,False,0.0091059602649006,0.2624172185430463,0.0,0.1283112582781456,0.0,0.0173841059602649,0.5827814569536424,0.0,0.0
Jesus Cruz,False,0.5828220858895705,0.0,0.4171779141104294,0.0,0.0,0.0,0.0,0.0,0.0
Jesus Luzardo,True,0.2718978102189781,0.201338199513382,0.0,0.225669099756691,0.0,0.3010948905109489,0.0,0.0,0.0
Jesus Tinoco,False,0.0428571428571428,0.4371428571428571,0.4,0.0085714285714285,0.0,0.1114285714285714,0.0,0.0,0.0
Jeurys Familia,False,0.2387878787878788,0.4581818181818182,0.149090909090909,0.0,0.0,0.0,0.0,0.1442424242424242,0.0096969696969696
Jharel Cotton,False,0.4490616621983914,0.0,0.1032171581769437,0.4021447721179624,0.0,0.0455764075067024,0.0,0.0,0.0
Jhoan Duran,False,0.4917715392061955,0.0,0.0300096805421103,0.0,0.0,0.3107454017424976,0.0,0.1577928363988383,0.0096805421103581
Jhonathan Diaz,True,0.2627118644067797,0.2372881355932203,0.2542372881355932,0.1610169491525423,0.0,0.0847457627118644,0.0,0.0,0.0
Jhoulys Chacin,False,0.089058524173028,0.3575063613231552,0.2798982188295165,0.0267175572519083,0.0,0.2468193384223918,0.0,0.0,0.0
Jimmy Herget,False,0.0287698412698412,0.2827380952380952,0.3363095238095238,0.0734126984126984,0.0,0.2668650793650793,0.0,0.0,0.0119047619047619
Jimmy Lambert,False,0.4449877750611247,0.0,0.3300733496332518,0.1418092909535452,0.0819070904645476,0.0,0.0,0.0,0.0012224938875305
Jimmy Yacabonis,False,0.0,0.5924657534246576,0.3732876712328767,0.0342465753424657,0.0,0.0,0.0,0.0,0.0
JoJo Romero,True,0.2177121771217712,0.2583025830258302,0.2140221402214022,0.2952029520295203,0.0,0.0,0.014760147601476,0.0,0.0
Joan Adon,False,0.6531456953642384,0.0380794701986755,0.0066225165562913,0.0678807947019867,0.0,0.2309602649006622,0.0,0.0,0.0033112582781456
Joe Barlow,False,0.2743682310469314,0.0361010830324909,0.6028880866425993,0.0,0.0,0.0866425992779783,0.0,0.0,0.0
Joe Jimenez,False,0.6371398078975453,0.0,0.3084311632870864,0.0544290288153681,0.0,0.0,0.0,0.0,0.0
Joe Kelly,False,0.0156472261735419,0.379800853485064,0.0,0.0853485064011379,0.519203413940256,0.0,0.0,0.0,0.0
Joe Mantiply,True,0.0150987224157955,0.4227642276422764,0.0,0.2601626016260163,0.0,0.3019744483159117,0.0,0.0,0.0
Joe Musgrove,False,0.2396053558844256,0.0676532769556025,0.2434813248766737,0.0630725863284002,0.0,0.1906272022551092,0.1941508104298802,0.0,0.0014094432699083
Joe Ryan,False,0.6005855290673359,0.0,0.2070263488080301,0.1212881639481388,0.0,0.0710999581764951,0.0,0.0,0.0
Joe Smith,False,0.3061674008810572,0.4140969162995594,0.2709251101321586,0.0,0.0,0.0,0.0,0.0,0.0088105726872246
Joel Kuhnel,False,0.2452025586353944,0.2931769722814499,0.2963752665245202,0.1524520255863539,0.0,0.0,0.0,0.0,0.0127931769722814
Joel Payamps,False,0.2729166666666666,0.225,0.3583333333333333,0.1354166666666666,0.0,0.0,0.0,0.0,0.0083333333333333
Joely Rodriguez,True,0.0673758865248227,0.4822695035460992,0.0591016548463357,0.3865248226950354,0.0,0.0,0.0,0.0,0.0047281323877068
Joey Krehbiel,False,0.345565749235474,0.0,0.037716615698267,0.3302752293577982,0.0,0.0,0.2823649337410805,0.0,0.0040774719673802
Joey Wentz,True,0.5553539019963702,0.0,0.0,0.1361161524500907,0.0,0.0943738656987295,0.2141560798548094,0.0,0.0
Johan Oviedo,False,0.4346938775510204,0.0,0.4030612244897959,0.0551020408163265,0.0,0.1071428571428571,0.0,0.0,0.0
John Brebbia,False,0.456935630099728,0.0009066183136899,0.5349048050770625,0.0,0.0,0.0,0.0,0.0,0.0072529465095194
John King,True,0.0,0.5151116951379764,0.1458607095926412,0.2431011826544021,0.0,0.0,0.0801576872536136,0.0,0.0157687253613666
John Means,True,0.4222222222222222,0.0,0.1259259259259259,0.3111111111111111,0.0,0.1407407407407407,0.0,0.0,0.0
John Schreiber,False,0.292156862745098,0.2558823529411764,0.3774509803921568,0.0745098039215686,0.0,0.0,0.0,0.0,0.0
Johnny Cueto,False,0.1933445661331087,0.2367312552653749,0.1647009267059814,0.2013479359730413,0.0,0.006318449873631,0.1967144060657119,0.0,0.0008424599831508
Jon Gray,False,0.5060709082078679,0.0,0.3603691112190383,0.0927634774162214,0.0,0.0407965031568722,0.0,0.0,0.0
Jonathan Heasley,False,0.4579929988331389,0.0326721120186697,0.1271878646441073,0.2088681446907818,0.0,0.1732788798133022,0.0,0.0,0.0
Jonathan Hernandez,False,0.011472275334608,0.4110898661567878,0.3537284894837476,0.2007648183556405,0.0,0.0,0.0,0.0,0.022944550669216
Jonathan Loaisiga,False,0.0196335078534031,0.6269633507853403,0.0,0.1479057591623036,0.0,0.200261780104712,0.0,0.0,0.0052356020942408
Jordan Hicks,False,0.005708848715509,0.6517602283539486,0.3158896289248334,0.0266412940057088,0.0,0.0,0.0,0.0,0.0
Jordan Lyles,False,0.3176037483266399,0.1746987951807229,0.2389558232931727,0.10809906291834,0.0,0.1338688085676037,0.0267737617135207,0.0,0.0
Jordan Montgomery,True,0.1701657458563535,0.34548802946593,0.0,0.2217311233885819,0.0,0.2224677716390423,0.040147329650092,0.0,0.0
Jordan Romano,False,0.4716417910447761,0.0029850746268656,0.5094527363184079,0.0,0.0,0.0,0.0,0.0,0.0159203980099502
Jordan Weems,False,0.6347222222222222,0.0,0.2347222222222222,0.0944444444444444,0.0,0.0305555555555555,0.0,0.0,0.0055555555555555
Jorge Lopez,False,0.0440304826418289,0.4961896697713802,0.1049957662997459,0.1532599491955969,0.1845893310753598,0.0,0.0,0.0,0.016934801016088
Jose Alvarado,True,0.0134529147982062,0.5381165919282511,0.0,0.0,0.0,0.0123318385650224,0.4237668161434977,0.0,0.0123318385650224
Jose Alvarez,True,0.03971119133574,0.5018050541516246,0.0974729241877256,0.3465703971119133,0.0,0.0,0.0,0.0,0.0144404332129963
Jose Berrios,False,0.2806083650190114,0.2585551330798479,0.0,0.1528517110266159,0.0,0.3079847908745247,0.0,0.0,0.0
Jose Cisnero,False,0.3581395348837209,0.3232558139534883,0.2581395348837209,0.0604651162790697,0.0,0.0,0.0,0.0,0.0
Jose Cuas,False,0.0,0.6152737752161384,0.3645533141210375,0.0115273775216138,0.0,0.0,0.0,0.0,0.0086455331412103
Jose Leclerc,False,0.3643312101910828,0.0,0.3554140127388535,0.2203821656050955,0.0,0.0,0.0598726114649681,0.0,0.0
Jose Marte,False,0.4113207547169811,0.0943396226415094,0.0075471698113207,0.0037735849056603,0.0,0.0,0.4830188679245283,0.0,0.0
Jose Quijada,True,0.8302687411598303,0.0,0.041018387553041,0.106082036775106,0.0,0.0,0.0,0.0,0.0226308345120226
Jose Quintana,True,0.3596041055718475,0.1634897360703812,0.0,0.1946480938416422,0.0,0.2807917888563049,0.0,0.0,0.001466275659824
Jose Ruiz,False,0.4753363228699551,0.0035874439461883,0.0,0.2269058295964125,0.0,0.2941704035874439,0.0,0.0,0.0
Jose Suarez,True,0.3405918481295366,0.0831937465103294,0.1998883305415968,0.2428810720268006,0.0,0.1289782244556113,0.0,0.0,0.004466778336125
Jose Urena,False,0.0733662145499383,0.5197287299630087,0.2441430332922318,0.1627620221948212,0.0,0.0,0.0,0.0,0.0
Jose Urquidy,False,0.5272727272727272,0.0,0.1352272727272727,0.1484848484848485,0.0,0.140530303030303,0.0484848484848484,0.0,0.0
Josh Fleming,True,0.0015015015015015,0.5435435435435435,0.0,0.1891891891891892,0.0,0.1081081081081081,0.1516516516516516,0.0,0.006006006006006
Josh Hader,True,0.0,0.694591728525981,0.2831389183457052,0.0222693531283138,0.0,0.0,0.0,0.0,0.0
Josh Rogers,True,0.4176610978520286,0.1312649164677804,0.350835322195704,0.1002386634844868,0.0,0.0,0.0,0.0,0.0
Josh Sborz,False,0.5130023640661938,0.0,0.243498817966903,0.0,0.0,0.2340425531914893,0.0,0.0,0.0094562647754137
Josh Staumont,False,0.5102599179206566,0.1409028727770178,0.0,0.0,0.0,0.3488372093023256,0.0,0.0,0.0
Josh Winckowski,False,0.1286549707602339,0.3826232247284878,0.2857142857142857,0.0977443609022556,0.0,0.0,0.1027568922305764,0.0,0.0025062656641604
Josh Winder,False,0.4039497307001795,0.0,0.3330341113105924,0.1418312387791741,0.0,0.1211849192100538,0.0,0.0,0.0
Josiah Gray,False,0.3920738745671412,0.0365525202000769,0.2943439784532513,0.0280877260484801,0.0,0.2481723739899961,0.0,0.0,0.0007695267410542
Jovani Moran,True,0.5104166666666666,0.0,0.0342261904761904,0.4553571428571428,0.0,0.0,0.0,0.0,0.0
Juan Minaya,False,0.4770114942528735,0.0,0.1551724137931034,0.367816091954023,0.0,0.0,0.0,0.0,0.0
Julian Merryweather,False,0.5106888361045131,0.0,0.33729216152019,0.0950118764845605,0.0,0.0475059382422802,0.0,0.0,0.009501187648456
Julio Urias,True,0.477116704805492,0.015255530129672,0.0,0.1746758199847444,0.0,0.3329519450800915,0.0,0.0,0.0
Junior Fernandez,False,0.1261261261261261,0.4204204204204204,0.3513513513513513,0.1021021021021021,0.0,0.0,0.0,0.0,0.0
Justin Bruihl,True,0.0,0.1518624641833811,0.1948424068767908,0.0,0.0,0.0,0.6303724928366762,0.0,0.0229226361031518
Justin Dunn,False,0.4962962962962963,0.0,0.2407407407407407,0.05,0.0,0.2129629629629629,0.0,0.0,0.0
Justin Grimm,False,0.4115523465703971,0.0,0.3790613718411552,0.0,0.0,0.2093862815884476,0.0,0.0,0.0
Justin Lawrence,False,0.0,0.5530799475753604,0.4469200524246395,0.0,0.0,0.0,0.0,0.0,0.0
Justin Steele,True,0.5684055118110236,0.0762795275590551,0.3095472440944882,0.0182086614173228,0.0,0.0275590551181102,0.0,0.0,0.0
Justin Topa,False,0.0,0.6666666666666666,0.2635658914728682,0.0387596899224806,0.0,0.0,0.0,0.0,0.0310077519379844
Justin Verlander,False,0.5044112006137322,0.0,0.2834675872650556,0.0241657077100115,0.0,0.1879555044112006,0.0,0.0,0.0
Justus Sheffield,True,0.1173184357541899,0.3519553072625698,0.3519553072625698,0.1787709497206704,0.0,0.0,0.0,0.0,0.0
Kaleb Ort,False,0.5884543761638734,0.0018621973929236,0.3277467411545623,0.0670391061452514,0.0,0.0,0.0,0.0,0.0148975791433892
Keegan Akin,True,0.519672131147541,0.0,0.2942622950819672,0.1819672131147541,0.0,0.0040983606557377,0.0,0.0,0.0
Keegan Thompson,False,0.4691160809371672,0.0521831735889243,0.04419595314164,0.0473908413205537,0.0,0.1741214057507987,0.2129925452609158,0.0,0.0
Ken Waldichuk,True,0.5648464163822525,0.0,0.2098976109215017,0.1450511945392491,0.0,0.0802047781569965,0.0,0.0,0.0
Kendall Graveman,False,0.1179290508149568,0.4266538830297219,0.2761265580057526,0.1361457334611697,0.0,0.0354745925215723,0.0,0.0,0.0076701821668264
Kenley Jansen,False,0.0,0.2212301587301587,0.1299603174603174,0.0,0.0,0.0,0.6418650793650794,0.0,0.0069444444444444
Kenny Rosenberg,True,0.4559585492227979,0.0,0.1658031088082901,0.3316062176165803,0.0,0.0466321243523316,0.0,0.0,0.0
Kervin Castro,False,0.6820083682008368,0.0,0.0,0.0,0.0,0.2468619246861924,0.0711297071129707,0.0,0.0
Kevin Gausman,False,0.4879626302551204,0.0,0.1451670858785483,0.0186848724398131,0.0,0.0,0.0,0.3481854114265181,0.0
Kevin Ginkel,False,0.6200417536534447,0.0,0.3778705636743215,0.0020876826722338,0.0,0.0,0.0,0.0,0.0
Kevin Herget,False,0.3243243243243243,0.0,0.0,0.3693693693693693,0.0,0.009009009009009,0.2972972972972973,0.0,0.0
Keynan Middleton,False,0.5041666666666667,0.0,0.325,0.1708333333333333,0.0,0.0,0.0,0.0,0.0
Kirby Snead,True,0.1338383838383838,0.4128787878787879,0.3686868686868687,0.0694444444444444,0.0,0.0,0.0,0.0,0.0151515151515151
Kirby Yates,False,0.5036496350364964,0.0,0.0072992700729927,0.0,0.0,0.0,0.0,0.4890510948905109,0.0
Kirk McCarty,True,0.3806228373702422,0.0017301038062283,0.0346020761245674,0.0761245674740484,0.0,0.1003460207612456,0.3996539792387543,0.0,0.0069204152249134
Kodi Whitley,False,0.4926470588235294,0.0,0.1654411764705882,0.3419117647058823,0.0,0.0,0.0,0.0,0.0
Kohei Arihara,False,0.0333333333333333,0.2461538461538461,0.1435897435897435,0.2076923076923077,0.0,0.0025641025641025,0.2538461538461538,0.1128205128205128,0.0
Kolby Allard,True,0.5247524752475248,0.0,0.0,0.1914191419141914,0.0,0.0528052805280528,0.2178217821782178,0.0,0.0132013201320132
Konnor Pilkington,True,0.6333012512030799,0.0009624639076034,0.0789220404234841,0.2146294513955726,0.0,0.0721847930702598,0.0,0.0,0.0
Kris Bubic,True,0.509399358092618,0.0,0.0,0.2737276478679505,0.0,0.2168729940394314,0.0,0.0,0.0
Kutter Crawford,False,0.38473400154202,0.0,0.0593677717810331,0.0717039321511179,0.0,0.1688511950655358,0.3145720894371627,0.0,0.0007710100231303
Kyle Barraclough,False,0.4820143884892086,0.0,0.4532374100719424,0.0,0.0,0.0,0.0647482014388489,0.0,0.0
Kyle Bradish,False,0.4450577019568489,0.0431510286001003,0.2970396387355745,0.0852985449071751,0.0,0.129453085800301,0.0,0.0,0.0
Kyle Crick,False,0.043010752688172,0.3835125448028674,0.5734767025089605,0.0,0.0,0.0,0.0,0.0,0.0
Kyle Finnegan,False,0.0,0.7837582625118036,0.1208687440982058,0.0,0.0,0.0,0.0,0.0897072710103871,0.0056657223796034
Kyle Freeland,True,0.2324514991181658,0.2208112874779541,0.2253968253968254,0.1393298059964726,0.0,0.182010582010582,0.0,0.0,0.0
Kyle Gibson,False,0.1186564439576487,0.2811244979919678,0.2099306316173786,0.1073384446878422,0.0,0.0657174151150054,0.217232566630157,0.0,0.0
Kyle Hendricks,False,0.2657757980697847,0.3088344469190794,0.0,0.3066072754268745,0.0,0.1187824795842613,0.0,0.0,0.0
Kyle Muller,True,0.4678111587982833,0.0,0.2360515021459227,0.0987124463519313,0.0,0.1974248927038626,0.0,0.0,0.0
Kyle Nelson,True,0.3625632377740304,0.0,0.6357504215851602,0.0,0.0,0.0016863406408094,0.0,0.0,0.0
Kyle Wright,False,0.1935483870967742,0.2391546162402669,0.0715609936967,0.1549870226177234,0.0,0.3407489803485354,0.0,0.0,0.0
Lance Lynn,False,0.4545004945598417,0.1285855588526211,0.0474777448071216,0.0400593471810089,0.0,0.0865479723046488,0.2428288822947576,0.0,0.0
Lance McCullers Jr.,False,0.0,0.2450592885375494,0.2542819499341238,0.1739130434782608,0.2490118577075099,0.0,0.077733860342556,0.0,0.0
Liam Hendriks,False,0.6048472075869337,0.0,0.2887249736564805,0.0,0.0,0.1053740779768177,0.0,0.0,0.0010537407797681
Logan Allen,True,0.3048780487804878,0.048780487804878,0.4390243902439024,0.1158536585365853,0.0,0.0182926829268292,0.073170731707317,0.0,0.0
Logan Gilbert,False,0.5378762818392325,0.0135626860734369,0.2414819715514389,0.0797221303341051,0.1247105524313595,0.0,0.0,0.0,0.0026463777704267
Logan Gillaspie,False,0.4809160305343511,0.0,0.2099236641221374,0.2175572519083969,0.0,0.0916030534351145,0.0,0.0,0.0
Logan Webb,False,0.0322687957418496,0.3293413173652694,0.3266799733865602,0.3117099135063207,0.0,0.0,0.0,0.0,0.0
Lou Trivino,False,0.1800208116545265,0.2944849115504682,0.2362122788761706,0.1061394380853277,0.0,0.0228928199791883,0.1540062434963579,0.0,0.0062434963579604
Louie Varland,False,0.472289156626506,0.0,0.1903614457831325,0.144578313253012,0.0,0.0,0.1831325301204819,0.0,0.0096385542168674
Louis Head,False,0.3989071038251366,0.0,0.5519125683060109,0.0437158469945355,0.0,0.0,0.0,0.0,0.0054644808743169
Lucas Gilbreath,True,0.7314930991217063,0.0,0.2559598494353827,0.0,0.0,0.0,0.001254705144291,0.0112923462986198,0.0
Lucas Giolito,False,0.4762422923467537,0.0,0.2354007979688066,0.2546245919477693,0.0,0.0322814653608995,0.0,0.0,0.0014508523757707
Lucas Luetge,True,0.0,0.0,0.3158447009443861,0.0,0.0,0.1385099685204617,0.5414480587618048,0.0,0.0041972717733473
Lucas Sims,False,0.4263565891472868,0.0,0.2945736434108527,0.0,0.0,0.2790697674418604,0.0,0.0,0.0
Luis Cessa,False,0.2014681892332789,0.2202283849918433,0.3890701468189233,0.1892332789559543,0.0,0.0,0.0,0.0,0.0
Luis Frias,False,0.6235955056179775,0.0,0.3258426966292135,0.0505617977528089,0.0,0.0,0.0,0.0,0.0
Luis Garcia,False,0.4205834683954619,0.0020259319286871,0.0875202593192868,0.0935980551053484,0.0,0.1021069692058346,0.2941653160453809,0.0,0.0
Luis Ortiz,False,0.5781818181818181,0.0,0.3709090909090909,0.0509090909090909,0.0,0.0,0.0,0.0,0.0
Luis Patino,False,0.4333333333333333,0.1333333333333333,0.2948717948717949,0.1282051282051282,0.0,0.0,0.0,0.0,0.0102564102564102
Luis Perdomo,False,0.0,0.5614035087719298,0.2771929824561403,0.0,0.0,0.0,0.0,0.1614035087719298,0.0
Luis Severino,False,0.4777303233679073,0.0109823062843197,0.212934716290421,0.223306894447834,0.0,0.0,0.0726052471018914,0.0,0.0024405125076266
Luke Bard,False,0.3443983402489626,0.0,0.2240663900414937,0.0456431535269709,0.0,0.1991701244813278,0.1867219917012448,0.0,0.0
Luke Farrell,False,0.4842105263157895,0.0,0.3719298245614035,0.0280701754385964,0.0,0.1157894736842105,0.0,0.0,0.0
Luke Weaver,False,0.5963938973647711,0.0069348127600554,0.0970873786407767,0.2593619972260749,0.0,0.029126213592233,0.0110957004160887,0.0,0.0
MacKenzie Gore,True,0.6087649402390438,0.0,0.1569721115537848,0.0533864541832669,0.0,0.1808764940239043,0.0,0.0,0.0
Madison Bumgarner,True,0.3291139240506329,0.0019179133103183,0.0019179133103183,0.1139240506329113,0.0,0.1875719217491369,0.365554276946682,0.0,0.0
Manny Banuelos,True,0.2049861495844875,0.206371191135734,0.2271468144044321,0.0997229916897507,0.0,0.2562326869806094,0.0,0.0,0.0055401662049861
Manuel Rodriguez,False,0.1527093596059113,0.4876847290640394,0.3448275862068966,0.0147783251231527,0.0,0.0,0.0,0.0,0.0
Marco Gonzales,True,0.3641801548205489,0.0,0.0,0.3043631245601689,0.0,0.1340605207600281,0.1952850105559465,0.0,0.0021111893033075
Marcos Diplan,False,0.5163934426229508,0.0,0.1885245901639344,0.1229508196721311,0.0,0.1721311475409836,0.0,0.0,0.0
Marcus Stroman,False,0.0922121356903965,0.4061156235069278,0.2689918776875298,0.0,0.0,0.0014333492594362,0.1184902054467271,0.1127568084089823,0.0
Mark Appel,False,0.0,0.7516778523489933,0.2013422818791946,0.046979865771812,0.0,0.0,0.0,0.0,0.0
Mark Leiter Jr.,False,0.2248628884826325,0.2303473491773309,0.0511882998171846,0.2239488117001828,0.0,0.1654478976234003,0.0968921389396709,0.0,0.0073126142595978
Mark Melancon,False,0.0302013422818791,0.0,0.017897091722595,0.0,0.2975391498881432,0.0,0.6219239373601789,0.023489932885906,0.0089485458612975
Martin Perez,True,0.0798925814031554,0.3517959046659953,0.0137630077207116,0.2762672037596509,0.0,0.034911043974488,0.2433702584759986,0.0,0.0
Mason Thompson,False,0.0191780821917808,0.726027397260274,0.2410958904109589,0.0136986301369863,0.0,0.0,0.0,0.0,0.0
Matt Barnes,False,0.4562410329985653,0.0,0.0,0.0717360114777618,0.4662840746054519,0.0,0.0,0.0,0.0057388809182209
Matt Brash,False,0.3578274760383386,0.0,0.3769968051118211,0.0085197018104366,0.2523961661341853,0.0,0.0,0.0,0.0042598509052183
Matt Bush,False,0.4836244541484716,0.0,0.0,0.0,0.0,0.3493449781659388,0.158296943231441,0.0,0.0087336244541484
Matt Foster,False,0.5181347150259067,0.0,0.3056994818652849,0.0971502590673575,0.0,0.0686528497409326,0.005181347150259,0.0,0.005181347150259
Matt Gage,True,0.5026178010471204,0.0,0.0523560209424083,0.0052356020942408,0.0,0.0,0.418848167539267,0.0,0.0209424083769633
Matt Manning,False,0.5078125,0.078125,0.2421875,0.0691964285714285,0.0,0.1026785714285714,0.0,0.0,0.0
Matt Moore,True,0.446656050955414,0.0,0.0,0.1671974522292993,0.3797770700636942,0.0,0.0,0.0,0.0063694267515923
Matt Peacock,False,0.0,0.5838926174496645,0.3758389261744966,0.0402684563758389,0.0,0.0,0.0,0.0,0.0
Matt Strahm,True,0.3815104166666667,0.14453125,0.2083333333333333,0.0911458333333333,0.0,0.1692708333333333,0.0,0.0,0.0052083333333333
Matt Swarmer,False,0.3905775075987842,0.0,0.5896656534954408,0.0182370820668693,0.0,0.0,0.0,0.0,0.0015197568389057
Matt Wisler,False,0.0849933598937583,0.0,0.9096945551128818,0.0,0.0,0.0,0.0,0.0,0.0053120849933598
Matthew Boyd,True,0.3088235294117647,0.1372549019607843,0.3039215686274509,0.1764705882352941,0.0,0.0147058823529411,0.0,0.0,0.0588235294117647
Matthew Festa,False,0.4320712694877505,0.0033407572383073,0.5645879732739421,0.0,0.0,0.0,0.0,0.0,0.0
Matthew Liberatore,True,0.3415384615384615,0.2046153846153846,0.1092307692307692,0.1123076923076923,0.0,0.2323076923076923,0.0,0.0,0.0
Mauricio Llovera,False,0.0162337662337662,0.4253246753246753,0.551948051948052,0.0,0.0,0.0,0.0,0.0,0.0064935064935064
Max Castillo,False,0.4806312769010043,0.0,0.187948350071736,0.3314203730272597,0.0,0.0,0.0,0.0,0.0
Max Fried,True,0.3248317392844492,0.1321289408430747,0.1856181367339709,0.1402763018065887,0.0,0.2153737159050655,0.0,0.0,0.0017711654268508
Max Scherzer,False,0.454041570438799,0.0,0.2337182448036951,0.125635103926097,0.0,0.092378752886836,0.0942263279445727,0.0,0.0
Merrill Kelly,False,0.2911927201819954,0.1696457588560286,0.0019499512512187,0.2180695482612934,0.0,0.1345466363340916,0.1826454338641533,0.0,0.0019499512512187
Michael Fulmer,False,0.1490159325210871,0.1293345829428303,0.619493908153702,0.0590440487347703,0.0,0.0206185567010309,0.0,0.0,0.0224929709465791
Michael Grove,False,0.5063025210084033,0.0,0.1995798319327731,0.0,0.0,0.2857142857142857,0.0,0.0,0.0084033613445378
Michael King,False,0.2227912932138284,0.3649167733674776,0.3034571062740077,0.0960307298335467,0.0,0.0,0.0,0.0,0.0128040973111395
Michael Kopech,False,0.6176470588235294,0.0,0.2676969092721834,0.0124626121635094,0.0,0.1021934197407776,0.0,0.0,0.0
Michael Lorenzen,False,0.2224909310761789,0.2182587666263603,0.2061668681983071,0.2230955259975816,0.0,0.0211608222490931,0.1088270858524788,0.0,0.0
Michael Pineda,False,0.5923392612859097,0.0,0.2147742818057455,0.1928864569083447,0.0,0.0,0.0,0.0,0.0
Michael Rucker,False,0.4299781181619256,0.0,0.2932166301969365,0.0842450765864332,0.0,0.1695842450765864,0.0010940919037199,0.0,0.0218818380743982
Michael Wacha,False,0.3299127757824525,0.1257054899948691,0.0,0.297588506926629,0.0,0.0743971267316572,0.172396100564392,0.0,0.0
Miguel Castro,False,0.0,0.3601532567049808,0.4406130268199233,0.1877394636015325,0.0,0.0,0.0,0.0,0.0114942528735632
Miguel Sanchez,False,0.3761467889908257,0.0,0.0871559633027523,0.5045871559633027,0.0,0.0,0.0,0.0,0.0321100917431192
Miguel Yajure,False,0.3029661016949153,0.0656779661016949,0.1016949152542373,0.1927966101694915,0.0,0.2584745762711864,0.0762711864406779,0.0,0.0021186440677966
Mike Baumann,False,0.4810344827586207,0.0,0.2879310344827586,0.0448275862068965,0.0,0.1862068965517241,0.0,0.0,0.0
Mike Clevinger,False,0.3661315380631797,0.1491455204557224,0.2055929570170896,0.0968410150181253,0.0,0.0336613153806317,0.1460383221128948,0.0,0.0025893319523562
Mike Mayers,False,0.4595505617977528,0.0078651685393258,0.348314606741573,0.0752808988764044,0.0,0.0258426966292134,0.0831460674157303,0.0,0.0
Mike Minor,True,0.4093997734994337,0.0022650056625141,0.2463193657984144,0.2298980747451868,0.1030577576443941,0.0,0.0,0.0,0.0090600226500566
Miles Mikolas,False,0.2728426395939086,0.2223984771573604,0.253489847715736,0.0399746192893401,0.0,0.20748730964467,0.0,0.0,0.0038071065989847
Mitch Keller,False,0.3309568480300187,0.222889305816135,0.224390243902439,0.0656660412757973,0.0,0.1545966228893058,0.0,0.0,0.0015009380863039
Mitch White,False,0.4478134110787172,0.0693877551020408,0.273469387755102,0.0384839650145772,0.0,0.1708454810495626,0.0,0.0,0.0
Mychal Givens,False,0.5082125603864734,0.0,0.293719806763285,0.1845410628019323,0.0,0.0,0.0,0.0,0.0135265700483091
Nabil Crismatt,False,0.2330827067669172,0.0573308270676691,0.0046992481203007,0.5,0.0,0.2030075187969924,0.0,0.0,0.0018796992481203
Nathan Eovaldi,False,0.3814925373134328,0.0,0.1211940298507462,0.0,0.0,0.1862686567164179,0.0997014925373134,0.2113432835820895,0.0
Nestor Cortes,True,0.4373356704645048,0.030236634531113,0.1901840490797546,0.0425065731814198,0.0,0.0013146362839614,0.2984224364592462,0.0,0.0
Nick Lodolo,True,0.3029792017987633,0.2546374367622259,0.0,0.0978077571669477,0.0,0.2894884766722878,0.0,0.0,0.0550871275997751
Nick Martinez,False,0.2627906976744186,0.1459302325581395,0.0,0.2552325581395349,0.0,0.1587209302325581,0.1773255813953488,0.0,0.0
Nick Nelson,False,0.4294019933554817,0.0,0.2416943521594684,0.2931893687707641,0.0,0.0357142857142857,0.0,0.0,0.0
Nick Pivetta,False,0.5100584036340039,0.0,0.1966255678131083,0.0227125243348475,0.2706035042180402,0.0,0.0,0.0,0.0
Nick Sandlin,False,0.2026666666666666,0.2666666666666666,0.4413333333333333,0.0,0.0,0.0,0.0,0.076,0.0133333333333333
Nick Vespi,True,0.4748858447488584,0.0,0.3584474885844749,0.0,0.0,0.1575342465753424,0.0,0.0,0.0091324200913242
Nick Wittgren,False,0.3201663201663202,0.1268191268191268,0.1081081081081081,0.2307692307692307,0.0,0.0,0.2141372141372141,0.0,0.0
Noah Syndergaard,False,0.1490621915103652,0.3168805528134255,0.2240868706811451,0.2013820335636722,0.0,0.1085883514313919,0.0,0.0,0.0
Noe Ramirez,False,0.3779342723004695,0.0,0.0,0.3039906103286385,0.0,0.3086854460093897,0.0,0.0,0.0093896713615023
Norge Ruiz,False,0.4398907103825136,0.0,0.3797814207650273,0.180327868852459,0.0,0.0,0.0,0.0,0.0
Oliver Ortega,False,0.5696649029982364,0.0229276895943562,0.0,0.0,0.0,0.3932980599647266,0.0141093474426807,0.0,0.0
Pablo Lopez,False,0.3894230769230769,0.0813873626373626,0.0,0.3526785714285714,0.0,0.0807005494505494,0.0951236263736263,0.0,0.0006868131868131
Packy Naughton,True,0.3445229681978798,0.1890459363957597,0.2084805653710247,0.2508833922261484,0.0,0.0,0.0,0.0,0.0070671378091872
Paolo Espino,False,0.4799786438868126,0.0,0.2135611318739989,0.0475173518419647,0.0,0.2589428723972237,0.0,0.0,0.0
Parker Mushinski,True,0.2252252252252252,0.0,0.1711711711711711,0.018018018018018,0.0,0.3243243243243243,0.2612612612612612,0.0,0.0
Patrick Corbin,True,0.1962310528471937,0.4248258910282671,0.2945514133551823,0.0823433019254404,0.0,0.0004096681687832,0.0,0.0,0.0016386726751331
Patrick Murphy,False,0.4014084507042254,0.2887323943661972,0.0,0.0,0.0,0.3098591549295774,0.0,0.0,0.0
Patrick Sandoval,True,0.2280130293159609,0.142100977198697,0.2907166123778502,0.2459283387622149,0.0,0.0932410423452768,0.0,0.0,0.0
Paul Blackburn,False,0.1125565610859728,0.3416289592760181,0.0463800904977375,0.126131221719457,0.0,0.1753393665158371,0.1945701357466063,0.0,0.003393665158371
Paul Fry,True,0.3318965517241379,0.0,0.5,0.168103448275862,0.0,0.0,0.0,0.0,0.0
Paul Sewald,False,0.5065590312815338,0.0,0.4803229061553986,0.0,0.0,0.0,0.0,0.0,0.0131180625630676
Penn Murfee,False,0.4091360476663356,0.0784508440913604,0.5084409136047666,0.0,0.0,0.0,0.0,0.0,0.0039721946375372
Pete Fairbanks,False,0.6136363636363636,0.0056818181818181,0.3806818181818182,0.0,0.0,0.0,0.0,0.0,0.0
Peter Strzelecki,False,0.5260586319218241,0.0,0.3273615635179153,0.1335504885993485,0.0,0.0,0.0,0.0,0.013029315960912
Phil Bickford,False,0.6787512588116817,0.0030211480362537,0.3182275931520644,0.0,0.0,0.0,0.0,0.0,0.0
Phil Maton,False,0.4309090909090909,0.0645454545454545,0.18,0.0009090909090909,0.0,0.3118181818181818,0.0063636363636363,0.0,0.0054545454545454
Phillip Diehl,True,0.5081967213114754,0.0,0.4590163934426229,0.0163934426229508,0.0,0.0,0.0,0.0,0.0163934426229508
Phillips Valdez,False,0.0,0.4494773519163763,0.0905923344947735,0.4599303135888501,0.0,0.0,0.0,0.0,0.0
Phoenix Sanders,False,0.2558139534883721,0.0,0.5162790697674419,0.0,0.227906976744186,0.0,0.0,0.0,0.0
Pierce Johnson,False,0.3857142857142857,0.0,0.0,0.0,0.0,0.6142857142857143,0.0,0.0,0.0
Rafael Montero,False,0.4543795620437956,0.2281021897810219,0.1213503649635036,0.1934306569343065,0.0,0.0,0.0,0.0,0.0027372262773722
Raisel Iglesias,False,0.3123092573753815,0.1851475076297049,0.25940996948118,0.2390640895218718,0.0,0.0,0.0,0.0,0.0040691759918616
Ralph Garza Jr.,False,0.125,0.3288461538461538,0.2269230769230769,0.1865384615384615,0.0,0.023076923076923,0.098076923076923,0.0,0.0115384615384615
Ranger Suarez,True,0.1770670826833073,0.4017160686427457,0.0390015600624025,0.2137285491419656,0.0,0.0772230889235569,0.0912636505460218,0.0,0.0
Reed Garrett,False,0.485,0.2,0.0,0.0,0.0,0.0,0.215,0.08,0.02
Reid Detmers,True,0.4398169336384439,0.0091533180778032,0.2549199084668192,0.1125858123569794,0.0,0.1816933638443935,0.0,0.0,0.0018306636155606
Reiss Knehr,False,0.2520661157024793,0.2520661157024793,0.0495867768595041,0.1900826446280991,0.0,0.2024793388429752,0.0537190082644628,0.0,0.0
Reiver Sanmartin,True,0.1886429258902791,0.2127045235803657,0.2646775745909528,0.3262752646775746,0.0,0.0,0.0,0.0,0.0076997112608277
Reyes Moronta,False,0.5318818040435459,0.0,0.3685847589424572,0.0964230171073094,0.0,0.0,0.0,0.0,0.0031104199066874
Reynaldo Lopez,False,0.5482897384305835,0.0,0.3219315895372233,0.0472837022132796,0.0,0.0784708249496981,0.0,0.0,0.0040241448692152
Rich Hill,True,0.3559577677224736,0.0030165912518853,0.1055806938159879,0.0407239819004524,0.0,0.355455002513826,0.1292106586224233,0.0,0.0100553041729512
Richard Bleier,True,0.0564102564102564,0.4782051282051282,0.1564102564102564,0.0679487179487179,0.0,0.0,0.2256410256410256,0.0,0.0153846153846153
Rico Garcia,False,0.6176470588235294,0.0,0.0,0.2205882352941176,0.0,0.1617647058823529,0.0,0.0,0.0
Roansy Contreras,False,0.4846008799497172,0.0,0.3412947831552482,0.0289126335637963,0.0,0.1433060967944689,0.0,0.0,0.0018856065367693
Robbie Ray,True,0.3941581883820151,0.2077453232687889,0.3721693468985887,0.0068920249425664,0.0190351165080406,0.0,0.0,0.0,0.0
Robert Dugger,False,0.2253521126760563,0.2077464788732394,0.1936619718309859,0.1866197183098591,0.0,0.1866197183098591,0.0,0.0,0.0
Robert Gsellman,False,0.0048309178743961,0.5555555555555556,0.2898550724637681,0.1159420289855072,0.0,0.0338164251207729,0.0,0.0,0.0
Robert Stephenson,False,0.4776931447225245,0.0,0.5038084874863983,0.001088139281828,0.0,0.0108813928182807,0.0,0.0054406964091403,0.001088139281828
Robert Suarez,False,0.4357053682896379,0.2222222222222222,0.0,0.2097378277153558,0.0,0.0449438202247191,0.0873907615480649,0.0,0.0
Roenis Elias,True,0.4035087719298245,0.0263157894736842,0.0,0.3421052631578947,0.0,0.2280701754385964,0.0,0.0,0.0
Ron Marinaccio,False,0.4385733157199472,0.0039630118890356,0.178335535006605,0.3791281373844121,0.0,0.0,0.0,0.0,0.0
Ronald Bolanos,False,0.2083333333333333,0.3303571428571428,0.2976190476190476,0.0476190476190476,0.0,0.1041666666666666,0.0,0.0,0.0119047619047619
Ronel Blanco,False,0.4583333333333333,0.0,0.425,0.075,0.0,0.0416666666666666,0.0,0.0,0.0
Ronny Henriquez,False,0.2265193370165746,0.0165745856353591,0.4640883977900552,0.292817679558011,0.0,0.0,0.0,0.0,0.0
Rony Garcia,False,0.4482366325369738,0.1262798634812286,0.0,0.1092150170648464,0.0,0.3162684869169511,0.0,0.0,0.0
Ross Detwiler,True,0.2505219206680584,0.2442588726513569,0.0,0.0271398747390396,0.0,0.0334029227557411,0.4279749478079332,0.0,0.0167014613778705
Ross Stripling,False,0.3369404820462371,0.0752582390555828,0.219380226266601,0.2720118052139695,0.0964092474176094,0.0,0.0,0.0,0.0
Rowan Wick,False,0.5443583118001722,0.0017226528854435,0.0516795865633074,0.0008613264427217,0.2093023255813953,0.0,0.1688199827734711,0.0,0.0232558139534883
Ryan Borucki,True,0.0,0.5024154589371981,0.3864734299516908,0.1111111111111111,0.0,0.0,0.0,0.0,0.0
Ryan Brasier,False,0.4398382204246714,0.115267947421638,0.4277047522750253,0.0131445904954499,0.0,0.0,0.0,0.0,0.0040444893832153
Ryan Burr,False,0.4899328859060403,0.0402684563758389,0.0604026845637583,0.0,0.0,0.0,0.4093959731543624,0.0,0.0
Ryan Feltner,False,0.3528358208955224,0.2017910447761194,0.2895522388059701,0.0608955223880597,0.0,0.0949253731343283,0.0,0.0,0.0
Ryan Helsley,False,0.567287784679089,0.0,0.3198757763975155,0.0062111801242236,0.0,0.1024844720496894,0.0,0.0,0.0041407867494824
Ryan Hendrix,False,0.2244897959183673,0.2448979591836734,0.4285714285714285,0.0748299319727891,0.0,0.0,0.0,0.0,0.0272108843537414
Ryan Pepiot,False,0.5617367706919946,0.0,0.1818181818181818,0.2564450474898236,0.0,0.0,0.0,0.0,0.0
Ryan Pressly,False,0.3248587570621469,0.0,0.3686440677966102,0.0353107344632768,0.0,0.2711864406779661,0.0,0.0,0.0
Ryan Tepera,False,0.3119469026548672,0.1648230088495575,0.4214601769911504,0.0873893805309734,0.0,0.0011061946902654,0.0,0.0,0.0132743362831858
Ryan Thompson,False,0.1033478893740902,0.4716157205240174,0.388646288209607,0.0145560407569141,0.0,0.0,0.0101892285298398,0.0,0.0116448326055312
Ryan Weber,False,0.0,0.5590551181102362,0.3543307086614173,0.0708661417322834,0.0,0.0157480314960629,0.0,0.0,0.0
Ryan Yarbrough,True,0.0,0.1869918699186991,0.0,0.2387287509238728,0.0,0.270509977827051,0.3037694013303769,0.0,0.0
Ryne Nelson,False,0.6901960784313725,0.0,0.1098039215686274,0.0627450980392156,0.0,0.1294117647058823,0.0,0.0,0.0078431372549019
Ryne Stanek,False,0.5817575083426029,0.0,0.1846496106785317,0.0,0.0,0.0,0.0,0.2291434927697441,0.0044493882091212
Sam Clay,True,0.0,0.71,0.19,0.1,0.0,0.0,0.0,0.0,0.0
Sam Coonrod,False,0.3474576271186441,0.3050847457627119,0.1610169491525423,0.1059322033898305,0.0,0.0805084745762711,0.0,0.0,0.0
Sam Hentges,True,0.3667017913593256,0.2592202318229715,0.1580611169652265,0.0,0.0,0.2107481559536354,0.0010537407797681,0.0,0.0042149631190727
Sam Long,True,0.4243243243243243,0.0148648648648648,0.0,0.2918918918918919,0.0,0.2675675675675675,0.0,0.0,0.0013513513513513
Sam Moll,True,0.0,0.4323258869908016,0.5361366622864652,0.0,0.0,0.0,0.0,0.0,0.0315374507227332
Sam Selman,True,0.4813559322033898,0.047457627118644,0.4711864406779661,0.0,0.0,0.0,0.0,0.0,0.0
Sandy Alcantara,False,0.2515375153751537,0.2478474784747847,0.2195571955719557,0.2764452644526445,0.0,0.0033825338253382,0.0,0.0,0.001230012300123
Scott Alexander,True,0.0,0.7149532710280374,0.1261682242990654,0.1588785046728972,0.0,0.0,0.0,0.0,0.0
Scott Barlow,False,0.24,0.0025,0.445,0.0,0.0,0.3108333333333333,0.0,0.0,0.0016666666666666
Scott Effross,False,0.1112454655380894,0.3337363966142684,0.3966142684401451,0.1438935912938331,0.0,0.0,0.0,0.0,0.0145102781136638
Sean Hjelle,False,0.0084388185654008,0.5421940928270043,0.0,0.0654008438818565,0.3839662447257383,0.0,0.0,0.0,0.0
Sean Manaea,True,0.0,0.6078037007240547,0.1387771520514883,0.244971842316975,0.0,0.0068382944489139,0.0,0.0,0.0016090104585679
Sean Newcomb,True,0.5507246376811594,0.0072463768115942,0.0,0.0108695652173913,0.0,0.1050724637681159,0.3260869565217391,0.0,0.0
Sean Poppen,False,0.0,0.609375,0.3370535714285714,0.0334821428571428,0.0,0.0,0.0,0.0,0.0200892857142857
Sean Reid-Foley,False,0.4507772020725388,0.0155440414507772,0.3419689119170984,0.1917098445595854,0.0,0.0,0.0,0.0,0.0
Seranthony Dominguez,False,0.3724304715840387,0.3204353083434099,0.24546553808948,0.0471584038694075,0.0,0.0,0.0096735187424425,0.0,0.0048367593712212
Sergio Romo,False,0.0353982300884955,0.3244837758112094,0.4985250737463126,0.1297935103244837,0.0,0.0,0.0,0.0,0.0117994100294985
Seth Lugo,False,0.2880886426592798,0.2179132040627885,0.1348107109879963,0.0166204986149584,0.0,0.3388734995383194,0.0,0.0,0.0036934441366574
Seth Martinez,False,0.3355704697986577,0.1912751677852349,0.3003355704697986,0.1241610738255033,0.0,0.0,0.0419463087248322,0.0,0.0067114093959731
Shane Baz,False,0.4009009009009009,0.0,0.3716216216216216,0.0833333333333333,0.0,0.1441441441441441,0.0,0.0,0.0
Shane Bieber,False,0.3443478260869565,0.0,0.2876521739130435,0.0233043478260869,0.1787826086956521,0.0,0.1659130434782608,0.0,0.0
Shane McClanahan,True,0.3571718813490451,0.0,0.1540024380333197,0.2539618041446566,0.0,0.234457537586347,0.0,0.0,0.0004063388866314
Shawn Armstrong,False,0.2863894139886578,0.3525519848771266,0.0671077504725898,0.0009451795841209,0.0,0.0,0.2854442344045368,0.0,0.0075614366729678
Shelby Miller,False,0.4351145038167939,0.0,0.5343511450381679,0.0,0.0,0.0,0.0,0.0,0.0305343511450381
Shohei Ohtani,False,0.2757702548497527,0.0368961582350703,0.3906428299733739,0.0,0.0,0.0863446177253708,0.0905287181437809,0.1198174210726512,0.0
Sonny Gray,False,0.2831905781584582,0.2585653104925053,0.110813704496788,0.0101713062098501,0.0,0.2462526766595289,0.0910064239828693,0.0,0.0
Spencer Howard,False,0.5021645021645021,0.0,0.0,0.0346320346320346,0.0,0.1096681096681096,0.352092352092352,0.0,0.0014430014430014
Spencer Patton,False,0.4864864864864865,0.0,0.3873873873873873,0.0,0.0,0.0,0.0,0.1261261261261261,0.0
Spencer Strider,False,0.6694468832309043,0.0,0.2822651448639157,0.0478489903424056,0.0,0.0,0.0,0.0,0.0004389815627743
Spenser Watkins,False,0.3836784409257003,0.0164433617539585,0.1778319123020706,0.0444579780755176,0.0,0.0962241169305724,0.2813641900121802,0.0,0.0
Stephen Nogosek,False,0.4137931034482758,0.0,0.1618037135278514,0.0901856763925729,0.0,0.0212201591511936,0.3129973474801061,0.0,0.0
Steve Cishek,False,0.2857142857142857,0.3414634146341463,0.3658536585365853,0.0034843205574912,0.0,0.0,0.0,0.0,0.0034843205574912
Steven Brault,True,0.3184713375796178,0.3248407643312102,0.3121019108280254,0.0445859872611464,0.0,0.0,0.0,0.0,0.0
Steven Matz,True,0.0,0.4840236686390533,0.0260355029585798,0.2887573964497041,0.0,0.2011834319526627,0.0,0.0,0.0
Steven Okert,True,0.3165983606557377,0.0,0.6752049180327869,0.0,0.0,0.0,0.0,0.0,0.0081967213114754
Steven Wilson,False,0.5222348916761688,0.0,0.4218928164196123,0.0558722919042189,0.0,0.0,0.0,0.0,0.0
T.J. McFarland,True,0.0,0.6283367556468172,0.1519507186858316,0.2197125256673511,0.0,0.0,0.0,0.0,0.0
T.J. Zeuch,False,0.036,0.4,0.276,0.128,0.0,0.0,0.16,0.0,0.0
Taijuan Walker,False,0.2943290734824281,0.1130191693290734,0.1625399361022364,0.0,0.0,0.0866613418530351,0.06629392971246,0.2751597444089457,0.001996805111821
Tanner Banks,True,0.4464088397790055,0.0011049723756906,0.2961325966850828,0.2022099447513812,0.0011049723756906,0.0530386740331491,0.0,0.0,0.0
Tanner Houck,False,0.232258064516129,0.2924731182795699,0.4032258064516129,0.0,0.0,0.0,0.0,0.0591397849462365,0.0129032258064516
Tanner Rainey,False,0.7044145873320538,0.0,0.2898272552783109,0.0057581573896353,0.0,0.0,0.0,0.0,0.0
Tanner Scott,True,0.3774471417384495,0.0,0.6194205168363351,0.0,0.0,0.0,0.0,0.0,0.0031323414252153
Tanner Tully,True,0.575,0.0,0.2666666666666666,0.1,0.0,0.025,0.0,0.0,0.0333333333333333
Tarik Skubal,True,0.2664576802507837,0.2110762800417973,0.309299895506792,0.1489028213166144,0.0642633228840125,0.0,0.0,0.0,0.0
Tayler Scott,False,0.1490196078431372,0.2705882352941176,0.5647058823529412,0.0156862745098039,0.0,0.0,0.0,0.0,0.0
Taylor Clarke,False,0.4237485448195576,0.0,0.3620488940628638,0.2142025611175785,0.0,0.0,0.0,0.0,0.0
Taylor Hearn,True,0.4778959149412423,0.1494124230554001,0.2686066032456631,0.0872971460548405,0.0,0.0,0.0167879127028539,0.0,0.0
Taylor Rogers,True,0.0018298261665141,0.42451967063129,0.5663311985361391,0.0,0.0,0.0,0.0,0.0,0.0073193046660567
Taylor Widener,False,0.6677740863787376,0.0,0.2126245847176079,0.0863787375415282,0.0,0.0132890365448504,0.0066445182724252,0.0,0.0132890365448504
Thomas Szapucki,True,0.6082474226804123,0.0,0.0,0.0446735395189003,0.0,0.3470790378006873,0.0,0.0,0.0
Tim Hill,True,0.2897196261682243,0.5473965287049399,0.0907877169559412,0.0,0.0,0.0,0.0667556742323097,0.0,0.0053404539385847
Tim Mayza,True,0.0013793103448275,0.8165517241379311,0.1710344827586206,0.0,0.0,0.0,0.0,0.0,0.0110344827586206
Tommy Henry,True,0.5555555555555556,0.0012919896640826,0.1989664082687338,0.0968992248062015,0.0,0.1459948320413436,0.0,0.0,0.0012919896640826
Tommy Hunter,False,0.0315186246418338,0.3581661891117478,0.0,0.0,0.0,0.1404011461318051,0.4699140401146132,0.0,0.0
Tommy Kahnle,False,0.2356321839080459,0.0,0.0,0.764367816091954,0.0,0.0,0.0,0.0,0.0
Tommy Milone,True,0.4201680672268907,0.0,0.0756302521008403,0.3865546218487395,0.0,0.1176470588235294,0.0,0.0,0.0
Tommy Nance,False,0.1310615989515072,0.2857142857142857,0.1808650065530799,0.0,0.0,0.3866317169069462,0.0,0.0,0.0157273918741808
Tommy Romero,False,0.5602094240837696,0.0,0.225130890052356,0.0,0.0,0.0,0.0,0.2146596858638743,0.0
Tony Gonsolin,False,0.3906792265741199,0.0,0.2146752602875557,0.0,0.0,0.1184928111056023,0.0,0.2751611303916708,0.000991571641051
Tony Santillan,False,0.4902912621359223,0.0,0.5,0.0,0.0,0.0,0.0,0.0,0.0097087378640776
Touki Toussaint,False,0.0719257540603248,0.3967517401392111,0.0,0.0,0.0,0.3294663573085847,0.0,0.2018561484918793,0.0
Travis Lakins Sr.,False,0.3942307692307692,0.0048076923076923,0.2115384615384615,0.110576923076923,0.0,0.0865384615384615,0.1923076923076923,0.0,0.0
Trent Thornton,False,0.4171686746987952,0.0436746987951807,0.3870481927710843,0.0,0.0,0.1521084337349397,0.0,0.0,0.0
Trevor Gott,False,0.3272010512483574,0.2194480946123521,0.0,0.0105124835742444,0.0,0.1038107752956636,0.3390275952693823,0.0,0.0
Trevor Kelley,False,0.0,0.6413043478260869,0.0434782608695652,0.0630434782608695,0.0,0.2521739130434782,0.0,0.0,0.0
Trevor May,False,0.5161290322580645,0.0086021505376344,0.2645161290322581,0.1591397849462365,0.0,0.0,0.0,0.0516129032258064,0.0
Trevor Megill,False,0.5478036175710594,0.0064599483204134,0.1421188630490956,0.0,0.3036175710594315,0.0,0.0,0.0,0.0
Trevor Richards,False,0.4387317909168809,0.0,0.0,0.3744644387317909,0.0,0.18337617823479,0.0,0.0,0.0034275921165381
Trevor Rogers,True,0.527319587628866,0.002061855670103,0.1778350515463917,0.2927835051546392,0.0,0.0,0.0,0.0,0.0
Trevor Stephan,False,0.4730250481695568,0.0,0.2466281310211946,0.0,0.0,0.0,0.0,0.2745664739884393,0.0057803468208092
Trevor Williams,False,0.5265768958185684,0.1254429482636428,0.1169383416017009,0.1311126860382707,0.0,0.0970942593905031,0.0,0.0,0.0028348688873139
Triston McKenzie,False,0.5593159957249733,0.0,0.2212326327039544,0.0,0.0,0.2194513715710723,0.0,0.0,0.0
Tucker Davidson,True,0.3760964912280701,0.0537280701754386,0.4407894736842105,0.0449561403508771,0.0,0.0844298245614035,0.0,0.0,0.0
Ty Blach,True,0.0,0.5441176470588235,0.0,0.1941176470588235,0.0,0.0852941176470588,0.1676470588235294,0.0,0.0088235294117647
Tyler Alexander,True,0.2351097178683385,0.1937304075235109,0.1084639498432601,0.1843260188087774,0.0,0.0,0.2758620689655172,0.0,0.0025078369905956
Tyler Anderson,True,0.3800465838509316,0.0710403726708074,0.0,0.3163819875776397,0.0,0.0124223602484472,0.2201086956521739,0.0,0.0
Tyler Beede,False,0.235621521335807,0.2300556586270872,0.1521335807050092,0.2625231910946197,0.0,0.1141001855287569,0.0,0.0,0.0055658627087198
Tyler Clippard,False,0.1415929203539823,0.336283185840708,0.0088495575221238,0.3185840707964602,0.0,0.0442477876106194,0.0,0.1504424778761062,0.0
Tyler Cyr,False,0.4732142857142857,0.0,0.0,0.3348214285714285,0.0,0.0,0.1919642857142857,0.0,0.0
Tyler Danish,False,0.0753012048192771,0.3644578313253012,0.0060240963855421,0.1475903614457831,0.0,0.4066265060240964,0.0,0.0,0.0
Tyler Duffey,False,0.3679245283018867,0.1428571428571428,0.0,0.0444743935309973,0.4191374663072776,0.0,0.0,0.0,0.0256064690026954
Tyler Gilbert,True,0.2253521126760563,0.1813380281690141,0.0,0.0,0.1126760563380281,0.0,0.3450704225352112,0.1285211267605633,0.0070422535211267
Tyler Glasnow,False,0.5350877192982456,0.0,0.2807017543859649,0.0,0.0,0.1842105263157894,0.0,0.0,0.0
Tyler Holton,True,0.3396226415094339,0.0188679245283018,0.0,0.3270440251572327,0.0,0.1446540880503144,0.1698113207547169,0.0,0.0
Tyler Kinley,False,0.4588859416445623,0.013262599469496,0.519893899204244,0.0053050397877984,0.0,0.0,0.0,0.0,0.0026525198938992
Tyler Mahle,False,0.5152671755725191,0.0,0.1140267175572519,0.0,0.0,0.0,0.1297709923664122,0.2409351145038168,0.0
Tyler Matzek,True,0.7534435261707989,0.0041322314049586,0.2286501377410468,0.0,0.0,0.0013774104683195,0.0013774104683195,0.0,0.0110192837465564
Tyler Rogers,False,0.5188679245283019,0.0205831903945111,0.4605488850771869,0.0,0.0,0.0,0.0,0.0,0.0
Tyler Thornburg,False,0.580110497237569,0.0,0.0662983425414364,0.1381215469613259,0.0,0.2154696132596685,0.0,0.0,0.0
Tyler Wells,False,0.4211204121056021,0.0,0.2704443013522215,0.1809401159047005,0.0,0.1274951706374758,0.0,0.0,0.0
Tylor Megill,False,0.5683544303797469,0.0,0.2012658227848101,0.1835443037974683,0.0,0.0278481012658227,0.0189873417721519,0.0,0.0
Tyson Miller,False,0.4473684210526316,0.1447368421052631,0.3245614035087719,0.0570175438596491,0.0,0.0263157894736842,0.0,0.0,0.0
Victor Arano,False,0.0973451327433628,0.4336283185840708,0.4690265486725664,0.0,0.0,0.0,0.0,0.0,0.0
Vince Velasquez,False,0.4426229508196721,0.0796252927400468,0.2248243559718969,0.0843091334894613,0.1678376268540203,0.0007806401249024,0.0,0.0,0.0
Vladimir Gutierrez,False,0.4949053857350801,0.0,0.2183406113537118,0.1528384279475982,0.0,0.1295487627365356,0.0,0.0,0.0043668122270742
Wade Miley,True,0.1413427561837456,0.0265017667844522,0.0653710247349823,0.3127208480565371,0.0,0.0282685512367491,0.4257950530035335,0.0,0.0
Walker Buehler,False,0.3422562141491396,0.0468451242829827,0.1166347992351816,0.0783938814531548,0.1682600382409178,0.0,0.2476099426386233,0.0,0.0
Wandy Peralta,True,0.0451219512195121,0.3707317073170731,0.1560975609756097,0.423170731707317,0.0,0.0,0.0,0.0,0.0048780487804878
Wil Crowe,False,0.1601449275362318,0.2159420289855072,0.3130434782608696,0.2811594202898551,0.0,0.0297101449275362,0.0,0.0,0.0
Will Smith,True,0.4114688128772635,0.0,0.4778672032193159,0.011066398390342,0.0,0.090543259557344,0.0,0.0,0.0090543259557344
Will Vest,False,0.5589318600368324,0.0027624309392265,0.3314917127071823,0.1049723756906077,0.0,0.0009208103130755,0.0,0.0,0.0009208103130755
Wily Peralta,False,0.2736389684813753,0.2177650429799427,0.2965616045845272,0.0,0.0,0.0,0.0057306590257879,0.2063037249283667,0.0
Wyatt Mills,False,0.3941176470588235,0.2196078431372549,0.3725490196078431,0.0,0.0,0.0,0.0,0.0,0.0137254901960784
Xzavion Curry,False,0.5878787878787879,0.0,0.2787878787878788,0.0606060606060606,0.0,0.0727272727272727,0.0,0.0,0.0
Yency Almonte,False,0.1148936170212766,0.3361702127659574,0.474468085106383,0.0659574468085106,0.0,0.0,0.0,0.0,0.0085106382978723
Yennier Cano,False,0.0271739130434782,0.4021739130434782,0.2690217391304347,0.3016304347826087,0.0,0.0,0.0,0.0,0.0
Yerry De Los Santos,False,0.0110864745011086,0.5875831485587583,0.3968957871396896,0.0,0.0,0.0,0.0,0.0,0.0044345898004434
Yimi Garcia,False,0.4386298763082778,0.1389153187440532,0.1731684110371075,0.0723120837297811,0.0,0.1655566127497621,0.0,0.0,0.011417697431018
Yoan Lopez,False,0.4522613065326633,0.0050251256281407,0.4723618090452261,0.0603015075376884,0.0,0.0,0.0,0.0,0.0100502512562814
Yohan Ramirez,False,0.1185897435897435,0.5544871794871795,0.3205128205128205,0.0,0.0,0.0,0.0,0.0,0.0064102564102564
Yonny Chirinos,False,0.02,0.57,0.24,0.0,0.0,0.0,0.0,0.17,0.0
Yu Darvish,False,0.2521036687983843,0.0905419050824638,0.1905082463816896,0.0,0.0,0.0400538539212386,0.3520700100976102,0.0747223157186132,0.0
Yunior Marte,False,0.2593457943925233,0.3598130841121495,0.3796728971962617,0.0011682242990654,0.0,0.0,0.0,0.0,0.0
Yusei Kikuchi,True,0.5054229934924078,0.0,0.306941431670282,0.1334056399132321,0.0,0.0,0.0536876355748373,0.0,0.0005422993492407
Zac Gallen,False,0.4807495741056218,0.0003407155025553,0.0088586030664395,0.1424190800681431,0.2194207836456558,0.0,0.1482112436115843,0.0,0.0
Zac Lowther,True,0.52,0.0,0.2,0.2,0.0,0.08,0.0,0.0,0.0
Zach Davies,False,0.0,0.5405759162303665,0.0109075043630017,0.3324607329842932,0.0,0.0575916230366492,0.0584642233856893,0.0,0.0
Zach Eflin,False,0.1548117154811715,0.3974895397489539,0.0359832635983263,0.0610878661087866,0.0,0.200836820083682,0.1481171548117154,0.0,0.001673640167364
Zach Jackson,False,0.534521158129176,0.0,0.4409799554565701,0.010022271714922,0.0,0.0,0.0022271714922048,0.0,0.0122494432071269
Zach Logue,True,0.4921722113502935,0.0,0.0,0.1360078277886497,0.0,0.1575342465753424,0.2142857142857142,0.0,0.0
Zach Plesac,False,0.4259173246632605,0.002322340919647,0.2429168601950766,0.2238736646539712,0.0,0.1035764050162563,0.0,0.0,0.0013934045517882
Zach Pop,False,0.0,0.7700934579439253,0.22803738317757,0.0018691588785046,0.0,0.0,0.0,0.0,0.0
Zach Thompson,False,0.1620192307692307,0.2110576923076923,0.0,0.0850961538461538,0.0,0.2086538461538461,0.3331730769230769,0.0,0.0
Zack Greinke,False,0.3807218309859155,0.028169014084507,0.0840669014084507,0.164612676056338,0.0,0.2033450704225352,0.1390845070422535,0.0,0.0
Zack Kelly,False,0.4594594594594595,0.0135135135135135,0.1351351351351351,0.3918918918918919,0.0,0.0,0.0,0.0,0.0
Zack Littell,False,0.5065963060686016,0.0,0.370712401055409,0.0,0.0,0.0,0.0,0.1226912928759894,0.0
Zack Thompson,True,0.542608695652174,0.0,0.0,0.0834782608695652,0.0,0.3130434782608696,0.0608695652173913,0.0,0.0
Zack Weiss,False,0.3087557603686636,0.0092165898617511,0.6036866359447005,0.0,0.0,0.0,0.0414746543778801,0.0,0.0368663594470046
Zack Wheeler,False,0.4205689277899344,0.1702407002188183,0.2695842450765864,0.0175054704595186,0.0,0.1203501094091903,0.0,0.0,0.0017505470459518
